,Supplier SKU,Waitex Inventory on hand
0,0557-Black-10,3
0,0557-Black-12,0
0,0557-Black-14,0
0,0557-Black-16,0
0,0557-Black-18,2
0,0557-Red-10,1
0,0557-Red-12,0
0,0557-Red-14,0
0,0557-Red-14W,0
0,0557-Red-16,0
0,0557-Red-16W,0
0,0557-Red-18,1
0,0557-Red-18W,0
0,0557-Red-20W,0
0,0557-Red-22W,0
0,0557-Red-24W,0
0,0557-Red-26W,0
0,0557-Red-8,0
0,0557-SoftPink-10,0
0,0557-SoftPink-12,0
0,0557-SoftPink-14,0
0,0557-SoftPink-16,0
0,0557-SoftPink-18,0
0,0557-White-10,0
0,0557-White-12,0
0,0557-White-14,0
0,0557-White-16,0
0,0557-White-18,0
0,0557-White-8,0
0,0557W-Blk/Slvr-14W,0
0,0557W-Blk/Slvr-16W,0
0,0557W-Blk/Slvr-18W,0
0,0557W-Blk/Slvr-20W,0
0,0557W-Blk/Slvr-22W,3
0,0557W-Blk/Slvr-24W,3
0,0557W-Blk/Slvr-26W,3
0,0557W-DkLilac-14W,0
0,0557W-DkLilac-16W,0
0,0557W-DkLilac-18W,0
0,0557W-DkLilac-20W,0
0,0557W-DkLilac-22W,0
0,0557W-DkLilac-24W,0
0,0557W-DkLilac-26W,0
0,0557W-Red-14W,0
0,0557W-Red-16W,0
0,0557W-Red-18W,0
0,0557W-Red-20W,0
0,0557W-Red-22W,0
0,0557W-Red-24W,0
0,0557W-Red-26W,0
0,0557W-White-14W,0
0,0557W-White-16W,3
0,0557W-White-18W,3
0,0557W-White-20W,3
0,0557W-White-22W,3
0,0557W-White-24W,3
0,0557W-White-26W,3
0,0650-Black-10,3
0,0650-Black-12,3
0,0650-Black-14,1
0,0650-Black-16,0
0,0650-Black-18,2
0,0650-Black-6,1
0,0650-Black-8,3
0,0650-Choco-10,3
0,0650-Choco-12,3
0,0650-Choco-14,3
0,0650-Choco-16,3
0,0650-Choco-18,3
0,0650-Choco-8,2
0,0650-Fuchsia-10,0
0,0650-Fuchsia-12,0
0,0650-Fuchsia-14,0
0,0650-Fuchsia-16,0
0,0650-Fuchsia-18,0
0,0650-Royal-10,0
0,0650-Royal-12,0
0,0650-Royal-14,0
0,0650-Royal-16,0
0,0650-Royal-18,2
0,0650-Royal-6,3
0,0650-Royal-8,2
0,0650-Silver-10,3
0,0650-Silver-12,2
0,0650-Silver-14,3
0,0650-Silver-16,3
0,0650-Silver-18,3
0,0650-Silver-8,3
0,0650-White-10,2
0,0650-White-12,3
0,0650-White-14,3
0,0650-White-16,3
0,0650-White-18,3
0,0650-White-6,0
0,0650-White-8,3
0,0650W-Black-14W,3
0,0650W-Black-16W,3
0,0650W-Black-18W,3
0,0650W-Black-20W,0
0,0650W-Black-22W,0
0,0650W-Black-24W,3
0,0650W-Black-26W,3
0,0650W-Black-28W,2
0,0650W-Black-30W,3
0,0650W-Choco-14W,3
0,0650W-Choco-16W,3
0,0650W-Choco-18W,3
0,0650W-Choco-20W,3
0,0650W-Choco-22W,3
0,0650W-Choco-24W,3
0,0650W-Choco-26W,3
0,0650W-Fuchsia-16W,0
0,0650W-Fuchsia-18W,0
0,0650W-Fuchsia-20W,0
0,0650W-Fuchsia-22W,0
0,0650W-Fuchsia-24W,0
0,0650W-Royal-14W,0
0,0650W-Royal-16W,3
0,0650W-Royal-18W,0
0,0650W-Royal-20W,3
0,0650W-Royal-22W,3
0,0650W-Royal-24W,3
0,0650W-Royal-26W,3
0,0650W-Royal-28W,3
0,0650W-Royal-30W,3
0,0650W-Silver-14W,3
0,0650W-Silver-16W,3
0,0650W-Silver-18W,3
0,0650W-Silver-20W,3
0,0650W-Silver-22W,3
0,0650W-Silver-24W,3
0,0650W-Silver-26W,3
0,0650W-White-14W,3
0,0650W-White-16W,0
0,0650W-White-18W,3
0,0650W-White-20W,3
0,0650W-White-22W,3
0,0650W-White-24W,3
0,0650W-White-26W,3
0,0650W-White-28W,3
0,0650W-White-30W,3
0,0654-Black-10,1
0,0654-Black-12,3
0,0654-Black-14,0
0,0654-Black-16,0
0,0654-Black-18,0
0,0654-Black-8,3
0,0654-Pur-10,2
0,0654-Pur-12,2
0,0654-Pur-14,2
0,0654-Pur-16,2
0,0654-Pur-18,2
0,0654-Pur-8,2
0,0654-Red-10,3
0,0654-Red-12,1
0,0654-Red-14,0
0,0654-Red-16,3
0,0654-Red-18,3
0,0654-Red-8,0
0,0654-Royal-10,3
0,0654-Royal-12,3
0,0654-Royal-14,2
0,0654-Royal-16,3
0,0654-Royal-18,3
0,0654-Royal-8,2
0,0654-White-10,0
0,0654-White-12,0
0,0654-White-14,0
0,0654-White-16,0
0,0654-White-18,0
0,0654-White-8,0
0,0654W-Black-14W,0
0,0654W-Black-16W,0
0,0654W-Black-18W,1
0,0654W-Black-20W,0
0,0654W-Black-22W,1
0,0654W-Black-24W,3
0,0654W-Black-26W,2
0,0654W-Pur-14W,2
0,0654W-Pur-16W,2
0,0654W-Pur-18W,2
0,0654W-Pur-20W,2
0,0654W-Pur-22W,2
0,0654W-Pur-24W,2
0,0654W-Pur-26W,2
0,0654W-Red-14W,1
0,0654W-Red-16W,1
0,0654W-Red-18W,2
0,0654W-Red-20W,2
0,0654W-Red-22W,3
0,0654W-Red-24W,2
0,0654W-Red-26W,2
0,0654W-Royal-14W,2
0,0654W-Royal-16W,2
0,0654W-Royal-18W,2
0,0654W-Royal-20W,2
0,0654W-Royal-22W,2
0,0654W-Royal-24W,2
0,0654W-Royal-26W,2
0,0654W-White-14W,0
0,0654W-White-16W,0
0,0654W-White-18W,0
0,0654W-White-20W,0
0,0654W-White-22W,0
0,0654W-White-24W,0
0,0654W-White-26W,0
0,0655-Black-10,3
0,0655-Black-12,3
0,0655-Black-14,3
0,0655-Black-16,3
0,0655-Black-18,3
0,0655-Black-8,3
0,0655-White-10,3
0,0655-White-12,3
0,0655-White-14,3
0,0655-White-16,3
0,0655-White-18,3
0,0655-White-8,3
0,0655W-Black-14W,3
0,0655W-Black-16W,3
0,0655W-Black-18W,3
0,0655W-Black-20W,3
0,0655W-Black-22W,3
0,0655W-Black-24W,3
0,0655W-Black-26W,3
0,0655W-White-14W,3
0,0655W-White-16W,3
0,0655W-White-18W,3
0,0655W-White-20W,3
0,0655W-White-22W,3
0,0655W-White-24W,3
0,0655W-White-26W,3
0,0710-Black-10,0
0,0710-Black-12,0
0,0710-Black-14,2
0,0710-Black-16,1
0,0710-Black-18,0
0,0710-Black-8,0
0,0710-Chocolate-10,3
0,0710-Chocolate-12,3
0,0710-Chocolate-14,3
0,0710-Chocolate-16,3
0,0710-Chocolate-18,3
0,0710-Chocolate-8,3
0,0710-Ivory-10,3
0,0710-Ivory-12,3
0,0710-Ivory-14,0
0,0710-Ivory-16,0
0,0710-Ivory-18,0
0,0710-Ivory-8,3
0,0710-Navy-10,3
0,0710-Navy-12,0
0,0710-Navy-14,0
0,0710-Navy-16,0
0,0710-Navy-18,0
0,0710-Navy-8,0
0,0710-Royal-10,0
0,0710-Royal-12,0
0,0710-Royal-14,0
0,0710-Royal-16,0
0,0710-Royal-18,3
0,0710-Royal-8,0
0,0710-White-10,1
0,0710-White-12,0
0,0710-White-14,2
0,0710-White-16,2
0,0710-White-18,2
0,0710-White-8,1
0,0710W-Black-14W,3
0,0710W-Black-16W,3
0,0710W-Black-18W,1
0,0710W-Black-20W,0
0,0710W-Black-22W,3
0,0710W-Black-24W,3
0,0710W-Black-26W,3
0,0710W-Choco-14W,3
0,0710W-Choco-16W,3
0,0710W-Choco-18W,3
0,0710W-Choco-20W,3
0,0710W-Choco-22W,3
0,0710W-Choco-24W,3
0,0710W-Choco-26W,3
0,0710W-Ivory-14W,0
0,0710W-Ivory-16W,0
0,0710W-Ivory-18W,0
0,0710W-Ivory-20W,1
0,0710W-Ivory-22W,1
0,0710W-Ivory-24W,3
0,0710W-Ivory-26W,3
0,0710W-Navy-14W,0
0,0710W-Navy-16W,0
0,0710W-Navy-18W,0
0,0710W-Navy-20W,3
0,0710W-Navy-22W,3
0,0710W-Navy-24W,3
0,0710W-Navy-26W,3
0,0710W-Royal-14W,0
0,0710W-Royal-16W,3
0,0710W-Royal-18W,0
0,0710W-Royal-20W,2
0,0710W-Royal-22W,3
0,0710W-Royal-24W,3
0,0710W-Royal-26W,3
0,0710W-White-14W,3
0,0710W-White-16W,3
0,0710W-White-18W,3
0,0710W-White-20W,3
0,0710W-White-22W,3
0,0710W-White-24W,3
0,0710W-White-26W,3
0,0711-Lime-10,2
0,0711-Lime-12,2
0,0711-Lime-14,2
0,0711-Lime-16,2
0,0711-Lime-18,2
0,0711-Navy-10,2
0,0711-Navy-12,2
0,0711-Navy-14,2
0,0711-Navy-16,2
0,0711-Navy-18,2
0,0711-Navy-8,2
0,0711W-Lime-14W,2
0,0711W-Lime-16W,2
0,0711W-Lime-18W,2
0,0711W-Lime-20W,2
0,0711W-Lime-22W,2
0,0711W-Lime-24W,2
0,0711W-Navy-14W,2
0,0711W-Navy-16W,2
0,0711W-Navy-18W,2
0,0711W-Navy-20W,2
0,0711W-Navy-22W,2
0,0711W-Navy-24W,2
0,0711W-Navy-26W,2
0,0823-Black-10,5
0,0823-Black-12,0
0,0823-Black-14,0
0,0823-Black-16,0
0,0823-Black-18,0
0,0823-Black-8,2
0,0823-Choco-10,3
0,0823-Choco-12,0
0,0823-Choco-14,0
0,0823-Choco-16,0
0,0823-Choco-18,0
0,0823-Choco-8,0
0,0823-Navy-10,5
0,0823-Navy-12,0
0,0823-Navy-14,0
0,0823-Navy-16,0
0,0823-Navy-18,3
0,0823-Navy-8,2
0,0823-Purple-10,3
0,0823-Purple-12,3
0,0823-Purple-14,3
0,0823-Purple-16,3
0,0823-Purple-18,3
0,0823-Red-10,3
0,0823-Red-12,3
0,0823-Red-14,3
0,0823-Red-16,3
0,0823-Red-18,3
0,0823-Red-8,3
0,0823-Royal-10,3
0,0823-Royal-12,3
0,0823-Royal-14,3
0,0823-Royal-16,3
0,0823-Royal-18,3
0,0823-Royal-8,3
0,0823-Silver-10,3
0,0823-Silver-12,3
0,0823-Silver-14,1
0,0823-Silver-16,3
0,0823-Silver-18,3
0,0823-White-10,0
0,0823-White-12,0
0,0823-White-14,0
0,0823-White-16,0
0,0823-White-18,0
0,0823-White-8,0
0,0823W-Black-14W,0
0,0823W-Black-16W,0
0,0823W-Black-18W,0
0,0823W-Black-20W,0
0,0823W-Black-22W,0
0,0823W-Black-24W,1
0,0823W-Black-26W,3
0,0823W-Black-28W,3
0,0823W-Black-30W,3
0,0823W-Chocolate-14W,1
0,0823W-Chocolate-16W,1
0,0823W-Chocolate-18W,2
0,0823W-Chocolate-20W,0
0,0823W-Chocolate-22W,0
0,0823W-Chocolate-24W,0
0,0823W-Chocolate-26W,3
0,0823W-Navy-14W,0
0,0823W-Navy-16W,3
0,0823W-Navy-18W,3
0,0823W-Navy-20W,3
0,0823W-Navy-22W,3
0,0823W-Navy-24W,3
0,0823W-Navy-26W,3
0,0823W-Navy-28W,3
0,0823W-Navy-30W,3
0,0823W-Purple-14W,3
0,0823W-Purple-16W,3
0,0823W-Purple-18W,3
0,0823W-Purple-20W,3
0,0823W-Purple-22W,3
0,0823W-Purple-24W,3
0,0823W-Purple-26W,3
0,0823W-Purple-28W,3
0,0823W-Purple-30W,3
0,0823W-Red-14W,3
0,0823W-Red-16W,3
0,0823W-Red-18W,3
0,0823W-Red-20W,3
0,0823W-Red-22W,3
0,0823W-Red-24W,3
0,0823W-Red-26W,3
0,0823W-Royal-14W,3
0,0823W-Royal-16W,3
0,0823W-Royal-18W,3
0,0823W-Royal-20W,3
0,0823W-Royal-22W,3
0,0823W-Royal-24W,3
0,0823W-Royal-26W,3
0,0823W-Silver-14W,1
0,0823W-Silver-16W,3
0,0823W-Silver-18W,1
0,0823W-Silver-20W,3
0,0823W-Silver-22W,3
0,0823W-Silver-24W,0
0,0823W-Silver-26W,3
0,0823W-White-14W,0
0,0823W-White-16W,0
0,0823W-White-18W,0
0,0823W-White-20W,0
0,0823W-White-22W,0
0,0823W-White-24W,0
0,0823W-White-26W,0
0,0823W-White-28W,0
0,0823W-White-30W,0
0,0824-Black-10,3
0,0824-Black-12,3
0,0824-Black-14,0
0,0824-Black-16,0
0,0824-Black-18,0
0,0824-Black-8,3
0,0824-Cranberry-10,3
0,0824-Cranberry-12,3
0,0824-Cranberry-14,3
0,0824-Cranberry-16,3
0,0824-Cranberry-18,3
0,0824-Cranberry-8,3
0,0824-Plum-10,1
0,0824-Plum-12,3
0,0824-Plum-14,3
0,0824-Plum-16,3
0,0824-Plum-18,3
0,0824-Royal-10,3
0,0824-Royal-12,1
0,0824-Royal-14,0
0,0824-Royal-16,0
0,0824-Royal-18,1
0,0824-Royal-8,2
0,0824-Silver-10,3
0,0824-Silver-12,3
0,0824-Silver-14,3
0,0824-Silver-16,3
0,0824-Silver-18,3
0,0824-Silver-8,3
0,0824-White-10,1
0,0824-White-12,3
0,0824-White-14,3
0,0824-White-16,2
0,0824-White-18,2
0,0824-White-8,0
0,0824W-Black-14W,0
0,0824W-Black-16W,0
0,0824W-Black-18W,0
0,0824W-Black-20W,0
0,0824W-Black-22W,3
0,0824W-Black-24W,3
0,0824W-Black-26W,3
0,0824W-Cranberry-14W,3
0,0824W-Cranberry-16W,3
0,0824W-Cranberry-18W,3
0,0824W-Cranberry-20W,3
0,0824W-Cranberry-22W,3
0,0824W-Cranberry-24W,3
0,0824W-Cranberry-26W,3
0,0824W-Royal-14W,2
0,0824W-Royal-16W,0
0,0824W-Royal-18W,0
0,0824W-Royal-20W,0
0,0824W-Royal-22W,2
0,0824W-Royal-24W,3
0,0824W-Royal-26W,2
0,0824W-Silver-14W,3
0,0824W-Silver-16W,3
0,0824W-Silver-18W,3
0,0824W-Silver-20W,3
0,0824W-Silver-22W,3
0,0824W-Silver-24W,3
0,0824W-Silver-26W,3
0,0824W-White-14W,3
0,0824W-White-16W,3
0,0824W-White-18W,3
0,0824W-White-20W,3
0,0824W-White-22W,3
0,0824W-White-24W,3
0,0824W-White-26W,2
0,0825-Black-10,3
0,0825-Black-12,3
0,0825-Black-14,3
0,0825-Black-16,3
0,0825-Black-18,3
0,0825-Black-8,3
0,0825-Choco-10,3
0,0825-Choco-12,3
0,0825-Choco-14,3
0,0825-Choco-16,3
0,0825-Choco-18,3
0,0825-Choco-8,3
0,0825-White-10,3
0,0825-White-12,3
0,0825-White-14,3
0,0825-White-16,3
0,0825-White-18,3
0,0825-White-8,3
0,0825W-Black-14W,3
0,0825W-Black-16W,0
0,0825W-Black-18W,3
0,0825W-Black-20W,3
0,0825W-Black-22W,3
0,0825W-Black-24W,3
0,0825W-Black-26W,3
0,0825W-Choco-14W,3
0,0825W-Choco-16W,3
0,0825W-Choco-18W,3
0,0825W-Choco-20W,3
0,0825W-Choco-22W,3
0,0825W-Choco-24W,3
0,0825W-Choco-26W,3
0,0825W-White-14W,1
0,0825W-White-16W,3
0,0825W-White-18W,3
0,0825W-White-20W,3
0,0825W-White-22W,3
0,0825W-White-24W,3
0,0825W-White-26W,2
0,0864-Black-10,0
0,0867-Black-10,3
0,0867-Black-12,3
0,0867-Black-14,3
0,0867-Black-16,3
0,0867-Black-18,3
0,0867-Choco-10,3
0,0867-Choco-12,3
0,0867-Choco-14,3
0,0867-Choco-16,3
0,0867-Choco-18,3
0,0867-White-10,2
0,0867-White-12,2
0,0867-White-14,3
0,0867-White-16,3
0,0867-White-18,3
0,0867W-Black-14W,0
0,0867W-Black-16W,0
0,0867W-Black-18W,0
0,0867W-Black-20W,0
0,0867W-Black-22W,1
0,0867W-Black-24W,3
0,0867W-Black-26W,1
0,0867W-Choco-14W,3
0,0867W-Choco-16W,3
0,0867W-Choco-18W,3
0,0867W-Choco-20W,3
0,0867W-Choco-22W,3
0,0867W-Choco-24W,3
0,0867W-Choco-26W,3
0,0867W-White-14W,3
0,0867W-White-16W,3
0,0867W-White-18W,2
0,0867W-White-20W,3
0,0867W-White-22W,3
0,0867W-White-24W,3
0,0867W-White-26W,3
0,0877-Navy-10,3
0,0877-Navy-12,3
0,0877-Navy-14,3
0,0877-Navy-16,3
0,0877-Navy-18,3
0,0877-Navy-8,2
0,0877-Pink-10,0
0,0877-Pink-12,0
0,0877-Pink-14,0
0,0877-Pink-16,0
0,0877-Pink-18,0
0,0877-White-10,3
0,0877-White-12,3
0,0877-White-14,2
0,0877-White-16,2
0,0877-White-18,2
0,0877W-Navy-14W,3
0,0877W-Navy-16W,3
0,0877W-Navy-18W,3
0,0877W-Navy-20W,3
0,0877W-Navy-22W,3
0,0877W-Navy-24W,3
0,0877W-Navy-26W,3
0,0877W-Pink-14W,0
0,0877W-Pink-16W,0
0,0877W-Pink-18W,0
0,0877W-Pink-20W,0
0,0877W-Pink-22W,0
0,0877W-Pink-24W,0
0,0877W-Pink-26W,0
0,0877W-White-14W,3
0,0877W-White-16W,3
0,0877W-White-18W,3
0,0877W-White-20W,3
0,0877W-White-22W,1
0,0877W-White-24W,1
0,0877W-White-26W,3
0,0878-Pink-10,0
0,0878-Pink-12,0
0,0878-Pink-14,0
0,0878-Pink-16,0
0,0878-Pink-18,0
0,0878-Turq-10,0
0,0878-Turq-12,0
0,0878-Turq-14,0
0,0878-Turq-16,0
0,0878-Turq-18,0
0,0878-White-10,0
0,0878-White-12,0
0,0878-White-14,0
0,0878-White-16,0
0,0878-White-18,0
0,0878W-Pink-14W,0
0,0878W-Pink-16W,0
0,0878W-Pink-18W,0
0,0878W-Pink-20W,0
0,0878W-Pink-22W,0
0,0878W-Pink-24W,0
0,0878W-Pink-26W,0
0,0878W-Turq-14W,0
0,0878W-Turq-16W,0
0,0878W-Turq-18W,0
0,0878W-Turq-20W,0
0,0878W-Turq-22W,0
0,0878W-Turq-24W,0
0,0878W-Turq-26W,0
0,0878W-White-14W,0
0,0878W-White-16W,0
0,0878W-White-18W,0
0,0878W-White-20W,0
0,0878W-White-22W,0
0,0878W-White-24W,0
0,0878W-White-26W,0
0,0879-Offwht-10,0
0,0879-Offwht-12,0
0,0879-Offwht-14,0
0,0879-Offwht-16,0
0,0879-Offwht-18,0
0,0879-Pink-12,0
0,0879-Pink-14,0
0,0879-Pink-16,0
0,0879-Pink-18,0
0,0879-Royal-12,0
0,0879-Royal-14,0
0,0879-Royal-16,0
0,0879-Royal-18,0
0,0879W-Offwht-14W,0
0,0879W-Offwht-16W,0
0,0879W-Offwht-18W,0
0,0879W-Offwht-20W,0
0,0879W-Offwht-22W,0
0,0879W-Offwht-24W,0
0,0879W-Offwht-26W,0
0,0879W-Pink-16W,0
0,0879W-Pink-18W,0
0,0879W-Pink-20W,0
0,0879W-Pink-22W,0
0,0879W-Pink-24W,0
0,0879W-Royal-16W,0
0,0879W-Royal-18W,0
0,0879W-Royal-20W,0
0,0879W-Royal-22W,0
0,0879W-Royal-24W,0
0,0889-Red-10,0
0,0889-Red-12,0
0,0889-Red-14,0
0,0889-Red-14W,0
0,0889-Red-16,0
0,0889-Red-16W,0
0,0889-Red-18W,0
0,0889-Red-20W,0
0,0889-Red-22W,0
0,0889-Red-24W,0
0,0889-Red-8,0
0,0889-Sapphire-10,0
0,0889-Sapphire-12,0
0,0889-Sapphire-14,0
0,0889-Sapphire-14W,0
0,0889-Sapphire-16,0
0,0889-Sapphire-16W,0
0,0889-Sapphire-18W,0
0,0889-Sapphire-20W,0
0,0889-Sapphire-22W,0
0,0889-Sapphire-24W,0
0,0889-Sapphire-8,0
0,0889-Silver-10,0
0,0889-Silver-12,0
0,0889-Silver-14,0
0,0889-Silver-14W,0
0,0889-Silver-16,0
0,0889-Silver-16W,0
0,0889-Silver-18W,0
0,0889-Silver-20W,0
0,0889-Silver-22W,0
0,0889-Silver-24W,0
0,0889-Silver-8,0
0,0889-White-10,3
0,0889-White-12,3
0,0889-White-14,3
0,0889-White-14W,3
0,0889-White-16,3
0,0889-White-16W,3
0,0889-White-18W,3
0,0889-White-20W,3
0,0889-White-22W,3
0,0889-White-24W,3
0,0889-White-8,0
0,0895-BurntOrange-10,2
0,0895-BurntOrange-12,3
0,0895-BurntOrange-14,2
0,0895-BurntOrange-14W,0
0,0895-BurntOrange-16,3
0,0895-BurntOrange-16W,3
0,0895-BurntOrange-18,2
0,0895-BurntOrange-18W,3
0,0895-BurntOrange-20W,0
0,0895-BurntOrange-22W,0
0,0895-BurntOrange-24W,0
0,0895-BurntOrange-26W,0
0,0895-Silver-10,1
0,0895-Silver-12,2
0,0895-Silver-14,2
0,0895-Silver-14W,3
0,0895-Silver-16,5
0,0895-Silver-16W,3
0,0895-Silver-18,2
0,0895-Silver-18W,3
0,0895-Silver-20W,0
0,0895-Silver-22W,3
0,0895-Silver-24W,3
0,0895-Silver-26W,3
0,0895-White-10,3
0,0895-White-12,3
0,0895-White-14,3
0,0895-White-14W,0
0,0895-White-16,3
0,0895-White-16W,0
0,0895-White-18,3
0,0895-White-18W,0
0,0895-White-20W,0
0,0895-White-22W,0
0,0895-White-24W,0
0,0895-White-26W,0
0,0899-Seafoam-10,2
0,0899-Seafoam-12,2
0,0899-Seafoam-14,2
0,0899-Seafoam-16,2
0,0899-Seafoam-18,2
0,0899-White-10,2
0,0899-White-12,2
0,0899-White-14,2
0,0899-White-16,2
0,0899-White-18,2
0,0899W-Seafoam-14W,2
0,0899W-Seafoam-16W,2
0,0899W-Seafoam-18W,2
0,0899W-Seafoam-20W,2
0,0899W-Seafoam-22W,2
0,0899W-Seafoam-24W,2
0,0899W-Seafoam-26W,2
0,0899W-White-14W,2
0,0899W-White-16W,2
0,0899W-White-18W,2
0,0899W-White-20W,2
0,0899W-White-22W,2
0,0899W-White-24W,2
0,0899W-White-26W,2
D,D1423-DkSilver-10,2
D,D1423-DkSilver-12,2
D,D1423-DkSilver-14,0
D,D1423-DkSilver-16,0
D,D1423-DkSilver-18,0
D,D1423B-Black-12,0
D,D1423B-Black-14,2
D,D1423B-Black-16,2
D,D1423B-Black-18,2
D,D1423B-Black-20,2
D,D1423BW-Black-14W,0
D,D1423BW-Black-16W,2
D,D1423BW-Black-18W,2
D,D1423BW-Black-20W,2
D,D1423BW-Black-22W,2
D,D1423BW-Black-24W,2
D,D1423W-DSilver-14W,0
D,D1423W-DSilver-16W,0
D,D1423W-DSilver-18W,0
D,D1423W-DSilver-20W,0
D,D1423W-DSilver-22W,0
D,D1423W-DSilver-24W,0
D,D1423W-DSilver-26W,0
D,D1435-Black-10,2
D,D1435-Black-12,2
D,D1435-Black-14,2
D,D1435-Black-16,2
D,D1435-Black-18,2
D,D1435-Black-8,1
D,D1435-Lavender-10,2
D,D1435-Lavender-12,1
D,D1435-Lavender-14,0
D,D1435-Lavender-16,2
D,D1435-Lavender-18,0
D,D1435-Lilac-8,0
D,D1435-Purple-10,2
D,D1435-Purple-12,2
D,D1435-Purple-14,2
D,D1435-Purple-16,2
D,D1435-Purple-18,2
D,D1435-Purple-8,2
D,D1435-Sapphire-10,2
D,D1435-Sapphire-12,2
D,D1435-Sapphire-14,2
D,D1435-Sapphire-16,2
D,D1435-Sapphire-18,2
D,D1435-Sapphire-8,2
D,D1435-White-10,2
D,D1435-White-12,2
D,D1435-White-14,2
D,D1435-White-16,2
D,D1435-White-18,2
D,D1435-White-8,2
D,D1435W-Black-14W,2
D,D1435W-Black-16W,2
D,D1435W-Black-18W,2
D,D1435W-Black-20W,2
D,D1435W-Black-22W,2
D,D1435W-Black-24W,2
D,D1435W-Black-26W,2
D,D1435W-Purple-14W,2
D,D1435W-Purple-16W,2
D,D1435W-Purple-18W,2
D,D1435W-Purple-20W,2
D,D1435W-Purple-22W,2
D,D1435W-Purple-24W,2
D,D1435W-Purple-26W,2
D,D1435W-Sapphire-14W,2
D,D1435W-Sapphire-16W,2
D,D1435W-Sapphire-18W,2
D,D1435W-Sapphire-20W,2
D,D1435W-Sapphire-22W,0
D,D1435W-Sapphire-24W,2
D,D1435W-Sapphire-26W,2
D,D1435W-White-14W,2
D,D1435W-White-16W,2
D,D1435W-White-18W,2
D,D1435W-White-20W,2
D,D1435W-White-22W,2
D,D1435W-White-24W,2
D,D1435W-White-26W,2
D,D1444W-Black-14W,0
D,D1444W-Black-16W,0
D,D1444W-Black-18W,0
D,D1444W-Black-20W,0
D,D1444W-Black-22W,2
D,D1444W-Black-24W,2
D,D1444W-Black-26W,0
D,D1446-Pink/Blk-10,2
D,D1446-Pink/Blk-12,2
D,D1446-Pink/Blk-14,2
D,D1446-Pink/Blk-16,2
D,D1446-Pink/Blk-18,2
D,D1446-Pink/Blk-8,2
D,D1446-Pur/Blk-10,0
D,D1446-Pur/Blk-12,0
D,D1446-Pur/Blk-14,2
D,D1446-Pur/Blk-16,0
D,D1446-Pur/Blk-18,2
D,D1446-Pur/Blk-8,0
D,D1446-Red/Blk-10,0
D,D1446-Red/Blk-12,0
D,D1446-Red/Blk-14,0
D,D1446-Red/Blk-16,0
D,D1446-Red/Blk-18,0
D,D1446-Red/Blk-8,0
D,D1446-White/Blk-10,2
D,D1446-White/Blk-12,2
D,D1446-White/Blk-14,2
D,D1446-White/Blk-16,2
D,D1446-White/Blk-18,2
D,D1446-White/Blk-8,1
D,D1446W-Pink/Blk-14W,2
D,D1446W-Pink/Blk-16W,2
D,D1446W-Pink/Blk-18W,2
D,D1446W-Pink/Blk-20W,2
D,D1446W-Pink/Blk-22W,0
D,D1446W-Pink/Blk-24W,2
D,D1446W-Pink/Blk-26W,2
D,D1446W-Purp/Blk-14W,2
D,D1446W-Purp/Blk-16W,2
D,D1446W-Purp/Blk-18W,2
D,D1446W-Purp/Blk-20W,2
D,D1446W-Purp/Blk-22W,2
D,D1446W-Purp/Blk-24W,2
D,D1446W-Purp/Blk-26W,2
D,D1446W-Red/Blk-14W,0
D,D1446W-Red/Blk-16W,0
D,D1446W-Red/Blk-18W,0
D,D1446W-Red/Blk-20W,0
D,D1446W-Red/Blk-22W,2
D,D1446W-Red/Blk-24W,2
D,D1446W-Red/Blk-26W,2
D,D1450-Black-10,0
D,D1450-Black-12,0
D,D1450-Black-14,1
D,D1450-Black-16,1
D,D1450-Black-18,2
D,D1450-Ivory-10,0
D,D1450-Ivory-12,0
D,D1450-Ivory-14,2
D,D1450-Ivory-16,2
D,D1450-Ivory-18,2
D,D1450-Royal-10,0
D,D1450-Royal-12,0
D,D1450-Royal-14,0
D,D1450-Royal-16,2
D,D1450-Royal-18,2
D,D1450W-Black-14W,2
D,D1450W-Black-16W,2
D,D1450W-Black-18W,2
D,D1450W-Black-20W,2
D,D1450W-Black-22W,2
D,D1450W-Black-24W,2
D,D1450W-Black-26W,2
D,D1450W-Ivory-14W,0
D,D1450W-Ivory-16W,2
D,D1450W-Ivory-18W,2
D,D1450W-Ivory-20W,2
D,D1450W-Ivory-22W,2
D,D1450W-Ivory-24W,2
D,D1450W-Ivory-26W,0
D,D1450W-Royal-14W,2
D,D1450W-Royal-16W,2
D,D1450W-Royal-18W,2
D,D1450W-Royal-20W,2
D,D1450W-Royal-22W,2
D,D1450W-Royal-24W,2
D,D1450W-Royal-26W,2
D,D1451-Black-10,3
D,D1451-Black-12,3
D,D1451-Black-14,3
D,D1451-Black-16,3
D,D1451-Black-18,3
D,D1451-Cranberry-10,2
D,D1451-Cranberry-12,2
D,D1451-Cranberry-14,2
D,D1451-Cranberry-16,2
D,D1451-Cranberry-18,2
D,D1451-Cranberry-8,2
D,D1451-White-10,3
D,D1451-White-12,3
D,D1451-White-14,3
D,D1451-White-16,3
D,D1451-White-18,3
D,D1451W-Black-16W,3
D,D1451W-Black-18W,3
D,D1451W-Black-20W,3
D,D1451W-Black-22W,3
D,D1451W-Black-24W,3
D,D1451W-Black-26W,3
D,D1451W-Cranberry-14W,2
D,D1451W-Cranberry-16W,2
D,D1451W-Cranberry-18W,2
D,D1451W-Cranberry-20W,2
D,D1451W-Cranberry-22W,2
D,D1451W-Cranberry-24W,2
D,D1451W-Cranberry-26W,2
D,D1451W-White-16W,3
D,D1451W-White-18W,3
D,D1451W-White-20W,3
D,D1451W-White-22W,3
D,D1451W-White-24W,3
D,D1451W-White-26W,3
D,D1453-Black-10,0
D,D1453-Black-14,0
D,D1453-Black-18,0
D,D1453-Ice Blue-10,2
D,D1453-Ice Blue-12,2
D,D1453-Ice Blue-14,2
D,D1453-Ice Blue-16,2
D,D1453-Ice Blue-18,2
D,D1453-Ice Blue-8,2
D,D1453-Pink-10,2
D,D1453-Pink-12,2
D,D1453-Pink-14,2
D,D1453-Pink-16,2
D,D1453-Pink-18,2
D,D1453-Pink-8,0
D,D1453-White-10,0
D,D1453-White-12,0
D,D1453-White-14,0
D,D1453-White-16,0
D,D1453-White-18,2
D,D1453-White-8,0
D,D1453W-Black-14W,0
D,D1453W-Black-16W,0
D,D1453W-Black-18W,3
D,D1453W-Black-20W,0
D,D1453W-Black-22W,0
D,D1453W-Black-24W,0
D,D1453W-Black-26W,0
D,D1453W-Ice Blue-14W,2
D,D1453W-Ice Blue-16W,2
D,D1453W-Ice Blue-18W,2
D,D1453W-Ice Blue-20W,2
D,D1453W-Ice Blue-22W,2
D,D1453W-Ice Blue-24W,2
D,D1453W-Ice Blue-26W,2
D,D1453W-Pink-14W,2
D,D1453W-Pink-16W,2
D,D1453W-Pink-18W,2
D,D1453W-Pink-20W,2
D,D1453W-Pink-22W,2
D,D1453W-Pink-24W,2
D,D1453W-Pink-26W,0
D,D1453W-White-14W,0
D,D1453W-White-16W,3
D,D1453W-White-18W,3
D,D1453W-White-20W,2
D,D1453W-White-22W,0
D,D1453W-White-24W,0
D,D1453W-White-26W,0
D,D1455-Black-10,0
D,D1455-Black-12,2
D,D1455-Black-14,0
D,D1455-Black-16,0
D,D1455-Black-18,2
D,D1455-Lav-10,0
D,D1455-Lav-12,1
D,D1455-Lav-14,0
D,D1455-Lav-16,0
D,D1455-Lav-18,0
D,D1455-White-10,2
D,D1455-White-12,2
D,D1455-White-14,2
D,D1455-White-16,2
D,D1455-White-18,2
D,D1455W-Black-14W,0
D,D1455W-Black-16W,0
D,D1455W-Black-18W,0
D,D1455W-Black-20W,0
D,D1455W-Black-22W,0
D,D1455W-Black-24W,0
D,D1455W-Lav-14W,2
D,D1455W-Lav-16W,0
D,D1455W-Lav-18W,0
D,D1455W-Lav-20W,0
D,D1455W-Lav-22W,0
D,D1455W-Lav-24W,1
D,D1455W-White-14W,2
D,D1455W-White-16W,2
D,D1455W-White-18W,2
D,D1455W-White-20W,0
D,D1455W-White-22W,2
D,D1458-Burgundy-10,2
D,D1458-Burgundy-12,2
D,D1458-Burgundy-14,3
D,D1458-Burgundy-14W,3
D,D1458-Burgundy-16,3
D,D1458-Burgundy-16W,0
D,D1458-Burgundy-18,2
D,D1458-Burgundy-18W,2
D,D1458-Burgundy-20W,2
D,D1458-Burgundy-22W,2
D,D1458-Burgundy-24W,0
D,D1458-Burgundy-26W,0
D,D1458-Green-10,0
D,D1458-Green-12,0
D,D1458-Green-14,0
D,D1458-Green-14W,0
D,D1458-Green-16,1
D,D1458-Green-16W,3
D,D1458-Green-18,1
D,D1458-Green-18W,3
D,D1458-Green-20W,1
D,D1458-Green-22W,1
D,D1458-Green-24W,1
D,D1458-Green-26W,1
D,D1458-Navy-10,3
D,D1458-Navy-12,3
D,D1458-Navy-14,3
D,D1458-Navy-14W,2
D,D1458-Navy-16,3
D,D1458-Navy-16W,2
D,D1458-Navy-18,3
D,D1458-Navy-18W,2
D,D1458-Navy-20W,2
D,D1458-Navy-22W,2
D,D1458-Navy-24W,2
D,D1458-Navy-26W,2
D,D1458-Pink-10,2
D,D1458-Pink-12,2
D,D1458-Pink-14,2
D,D1458-Pink-16,2
D,D1458-Pink-18,2
D,D1458-Pink-8,2
D,D1458-White-10,2
D,D1458-White-12,2
D,D1458-White-14,2
D,D1458-White-14W,3
D,D1458-White-16,2
D,D1458-White-16W,3
D,D1458-White-18,2
D,D1458-White-18W,3
D,D1458-White-20W,3
D,D1458-White-22W,3
D,D1458-White-24W,3
D,D1458-White-26W,3
D,D1458W-Pink-14W,2
D,D1458W-Pink-16W,3
D,D1458W-Pink-18W,3
D,D1458W-Pink-20W,2
D,D1458W-Pink-22W,2
D,D1458W-Pink-24W,2
D,D1458W-Pink-26W,2
D,D1459-DenimBlu-12,0
D,D1459-DenimBlu-14,0
D,D1459-DenimBlu-16,0
D,D1459-DenimBlu-18,0
D,D1459-DenimBlu-18W,0
D,D1459-DenimBlu-20W,0
D,D1459-DenimBlu-22W,0
D,D1459-DenimBlu-24W,0
D,D1459-Orange-12,0
D,D1459-Orange-14,0
D,D1459-Orange-16,0
D,D1459-Orange-18,0
D,D1459-Orange-18W,0
D,D1459-Orange-20W,0
D,D1459-Orange-22W,0
D,D1459-Orange-24W,0
D,D1469-White-10,2
D,D1469-White-12,2
D,D1469-White-14,2
D,D1469-White-16,2
D,D1469-White-18,2
D,D1469W-White-16W,2
D,D1469W-White-18W,2
D,D1469W-White-20W,2
D,D1469W-White-22W,2
D,D1469W-White-24W,2
D,D1472-Purple-10,0
D,D1472-Purple-12,0
D,D1472-Purple-14,2
D,D1472-Purple-16,2
D,D1472-Purple-18,2
D,D1472-White-10,0
D,D1472-White-12,1
D,D1472-White-14,0
D,D1472-White-16,0
D,D1472-White-18,2
D,D1472W-Purple-14W,0
D,D1472W-Purple-16W,1
D,D1472W-Purple-18W,1
D,D1472W-Purple-20W,2
D,D1472W-Purple-22W,1
D,D1472W-Purple-24W,1
D,D1472W-White-14W,0
D,D1472W-White-16W,1
D,D1472W-White-18W,0
D,D1472W-White-20W,0
D,D1472W-White-22W,0
D,D1472W-White-24W,0
D,D1483-Blk/green-10,2
D,D1483-Blk/green-12,2
D,D1483-Blk/green-14,2
D,D1483-Blk/green-16,2
D,D1483-Blk/green-18,2
D,D1483-White/blk-10,2
D,D1483-White/blk-12,2
D,D1483-White/blk-14,2
D,D1483-White/blk-16,2
D,D1483-White/blk-18,2
D,D1483-White/lav-10,2
D,D1483-White/lav-12,2
D,D1483-White/lav-14,2
D,D1483-White/lav-16,2
D,D1483-White/lav-18,2
D,D1483W-Blk/green-14W,2
D,D1483W-Blk/green-16W,2
D,D1483W-Blk/green-18W,2
D,D1483W-Blk/green-20W,2
D,D1483W-Blk/green-22W,2
D,D1483W-Blk/green-24W,2
D,D1483W-White/blk-14W,2
D,D1483W-White/blk-16W,2
D,D1483W-White/blk-18W,2
D,D1483W-White/blk-20W,2
D,D1483W-White/blk-22W,2
D,D1483W-White/blk-24W,2
D,D1483W-White/lav-14W,2
D,D1483W-White/lav-16W,2
D,D1483W-White/lav-18W,2
D,D1483W-White/lav-20W,2
D,D1483W-White/lav-22W,2
D,D1483W-White/lav-24W,2
D,D1484-Lemon Yel-10,2
D,D1484-Lemon Yel-12,2
D,D1484-Lemon Yel-14,2
D,D1484-Lemon Yel-16,0
D,D1484-Lemon Yel-18,2
D,D1484-Lemon Yel-8,1
D,D1484-Lime-10,2
D,D1484-Lime-12,2
D,D1484-Lime-14,2
D,D1484-Lime-16,2
D,D1484-Lime-18,2
D,D1484-Lime-8,2
D,D1484-White-10,0
D,D1484-White-12,2
D,D1484-White-14,2
D,D1484-White-16,2
D,D1484-White-18,2
D,D1484-White-8,0
D,D1484W-Lemon Yel-14W,2
D,D1484W-Lemon Yel-16W,2
D,D1484W-Lemon Yel-18W,2
D,D1484W-Lemon Yel-20W,2
D,D1484W-Lemon Yel-22W,2
D,D1484W-Lemon Yel-24W,2
D,D1484W-Lime-14W,2
D,D1484W-Lime-16W,2
D,D1484W-Lime-18W,2
D,D1484W-Lime-20W,2
D,D1484W-Lime-22W,2
D,D1484W-Lime-24W,2
D,D1484W-White-14W,2
D,D1484W-White-16W,2
D,D1484W-White-18W,2
D,D1484W-White-20W,2
D,D1484W-White-22W,2
D,D1484W-White-24W,2
D,D1485-Dk Lime-10,2
D,D1485-Dk Lime-12,2
D,D1485-Dk Lime-14,2
D,D1485-Dk Lime-16,2
D,D1485-Dk Lime-18,2
D,D1485-Dk Lime-8,2
D,D1485-Ice Blue-10,2
D,D1485-Ice Blue-12,2
D,D1485-Ice Blue-14,2
D,D1485-Ice Blue-16,2
D,D1485-Ice Blue-18,2
D,D1485-Ice Blue-8,2
D,D1485-Rose Pink-10,2
D,D1485-Rose Pink-12,2
D,D1485-Rose Pink-14,2
D,D1485-Rose Pink-16,2
D,D1485-Rose Pink-18,2
D,D1485-Rose Pink-8,0
D,D1485-White-10,2
D,D1485-White-12,2
D,D1485-White-14,2
D,D1485-White-16,2
D,D1485-White-18,2
D,D1485-White-8,0
D,D1485W-Dk Lime-14W,2
D,D1485W-Dk Lime-16W,2
D,D1485W-Dk Lime-18W,2
D,D1485W-Dk Lime-20W,2
D,D1485W-Dk Lime-22W,2
D,D1485W-Dk Lime-24W,2
D,D1485W-Dk Lime-26W,2
D,D1485W-Ice Blue-14W,2
D,D1485W-Ice Blue-16W,2
D,D1485W-Ice Blue-18W,2
D,D1485W-Ice Blue-20W,2
D,D1485W-Ice Blue-22W,2
D,D1485W-Ice Blue-24W,2
D,D1485W-Ice Blue-26W,2
D,D1485W-Rose Pink-14W,2
D,D1485W-Rose Pink-16W,2
D,D1485W-Rose Pink-18W,2
D,D1485W-Rose Pink-20W,2
D,D1485W-Rose Pink-22W,2
D,D1485W-Rose Pink-24W,2
D,D1485W-Rose Pink-26W,2
D,D1485W-White-14W,2
D,D1485W-White-16W,2
D,D1485W-White-18W,2
D,D1485W-White-20W,2
D,D1485W-White-22W,2
D,D1485W-White-24W,2
D,D1485W-White-26W,2
D,D1486-Navy-10,2
D,D1486-Navy-12,2
D,D1486-Navy-14,2
D,D1486-Navy-16,2
D,D1486-Navy-18,2
D,D1486-White-10,2
D,D1486-White-12,2
D,D1486-White-14,2
D,D1486-White-16,2
D,D1486-White-18,2
D,D1486W-Navy-14W,2
D,D1486W-Navy-16W,2
D,D1486W-Navy-18W,2
D,D1486W-Navy-20W,2
D,D1486W-Navy-22W,2
D,D1486W-Navy-24W,2
D,D1486W-Navy-26W,2
D,D1486W-White-14W,2
D,D1486W-White-16W,2
D,D1486W-White-18W,2
D,D1486W-White-20W,2
D,D1486W-White-22W,2
D,D1486W-White-24W,2
D,D1486W-White-26W,2
D,D1488-Pur/Turq-10,2
D,D1488-Pur/Turq-12,2
D,D1488-Pur/Turq-14,2
D,D1488-Pur/Turq-16,2
D,D1488-Pur/Turq-18,2
D,D1488-Pur/Turq-8,2
D,D1488W-Pur/Turq-14W,2
D,D1488W-Pur/Turq-16W,2
D,D1488W-Pur/Turq-18W,2
D,D1488W-Pur/Turq-20W,2
D,D1488W-Pur/Turq-22W,2
D,D1488W-Pur/Turq-24W,2
D,D1488W-Pur/Turq-26W,2
D,D1491-Champ-10,2
D,D1491-Champ-12,2
D,D1491-Champ-14,2
D,D1491-Champ-16,2
D,D1491-Champ-18,2
D,D1491-Champ-8,1
D,D1491W-Champ-14W,2
D,D1491W-Champ-16W,2
D,D1491W-Champ-18W,2
D,D1491W-Champ-20W,2
D,D1491W-Champ-22W,2
D,D1491W-Champ-24W,2
D,D1494-Ivory-10,2
D,D1494-Ivory-12,2
D,D1494-Ivory-14,2
D,D1494-Ivory-16,2
D,D1494-Ivory-18,2
D,D1494-Pink-10,2
D,D1494-Pink-12,2
D,D1494-Pink-14,2
D,D1494-Pink-16,2
D,D1494-Pink-18,2
D,D1494W-Ivory-14W,2
D,D1494W-Ivory-16W,2
D,D1494W-Ivory-18W,2
D,D1494W-Ivory-20W,2
D,D1494W-Ivory-22W,2
D,D1494W-Ivory-24W,1
D,D1494W-Ivory-26W,2
D,D1494W-Pink-14W,2
D,D1494W-Pink-16W,2
D,D1494W-Pink-18W,2
D,D1494W-Pink-20W,2
D,D1494W-Pink-22W,2
D,D1494W-Pink-24W,2
D,D1494W-Pink-26W,2
D,D1495-Navy-10,2
D,D1495-Navy-12,2
D,D1495-Navy-14,2
D,D1495-Navy-16,2
D,D1495-Navy-18,2
D,D1495-White-10,2
D,D1495-White-12,2
D,D1495-White-14,2
D,D1495-White-16,2
D,D1495-White-18,2
D,D1495W-Navy-14W,2
D,D1495W-Navy-16W,2
D,D1495W-Navy-18W,2
D,D1495W-Navy-20W,2
D,D1495W-Navy-22W,2
D,D1495W-Navy-24W,2
D,D1495W-Navy-26W,2
D,D1495W-White-14W,2
D,D1495W-White-16W,2
D,D1495W-White-18W,2
D,D1495W-White-20W,2
D,D1495W-White-22W,2
D,D1495W-White-24W,2
D,D1495W-White-26W,2
D,D1496-Blue-10,2
D,D1496-Blue-12,2
D,D1496-Blue-14,2
D,D1496-Blue-16,2
D,D1496-Blue-18,2
D,D1496W-Blue-14W,2
D,D1496W-Blue-16W,2
D,D1496W-Blue-18W,2
D,D1496W-Blue-20W,2
D,D1496W-Blue-22W,2
D,D1496W-Blue-24W,2
D,D1497-LimeGrn-10,2
D,D1497-LimeGrn-12,2
D,D1497-LimeGrn-14,2
D,D1497-LimeGrn-16,2
D,D1497-LimeGrn-18,2
D,D1497W-LimeGrn-14W,2
D,D1497W-LimeGrn-16W,2
D,D1497W-LimeGrn-18W,2
D,D1497W-LimeGrn-20W,2
D,D1497W-LimeGrn-22W,2
D,D1497W-LimeGrn-24W,2
D,D1498-Navy-10,2
D,D1498-Navy-12,2
D,D1498-Navy-14,2
D,D1498-Navy-16,2
D,D1498-Navy-18,2
D,D1498W-Navy-14W,2
D,D1498W-Navy-16W,2
D,D1498W-Navy-18W,2
D,D1498W-Navy-20W,2
D,D1498W-Navy-22W,2
D,D1498W-Navy-24W,2
G,E0844-Black-10,3
G,E0844-Black-12,3
G,E0844-Black-14,3
G,E0844-Black-16,3
G,E0844-Black-18,3
G,E0844-Silver-8,2
G,E0844-White-12,3
G,E0844-White-18,3
G,E0844W-Black-14W,3
G,E0844W-Black-16W,3
G,E0844W-Black-18W,3
G,E0844W-Black-20W,3
G,E0844W-Black-22W,3
G,E0844W-Black-24w,3
G,E0844W-Champagne-20W,2
G,E0844W-Champagne-22W,2
G,E0844W-Champagne-24W,2
G,E0844W-Champagne-26W,1
G,E0844W-Ivory-24W,3
G,E0844W-Ivory-26W,3
G,E0844W-Silver-14W,2
G,E0844W-Silver-22W,2
G,E0844W-Silver-24W,2
G,E0844W-White-18W,3
G,E0844W-White-20W,3
G,E0844W-White-22W,3
G,E0844W-White-24W,3
G,G0807-Champ-10,0
G,G0807-Champ-12,0
G,G0807-Champ-14,0
G,G0807-Champ-16,0
G,G0807-Champ-18,0
G,G0807-Champ-8,0
G,G0807-Ivory-10,0
G,G0807-Ivory-12,0
G,G0807-Ivory-14,0
G,G0807-Ivory-16,0
G,G0807-Ivory-18,0
G,G0807-Ivory-8,0
G,G0807-Silver-10,0
G,G0807-Silver-12,0
G,G0807-Silver-14,0
G,G0807-Silver-16,0
G,G0807-Silver-18,0
G,G0807-Silver-8,0
G,G0807-Turq-10,0
G,G0807-Turq-12,0
G,G0807-Turq-14,0
G,G0807-Turq-16,0
G,G0807-Turq-18,0
G,G0807-Turq-8,0
G,G0807W-Silver-14W,0
G,G0807W-Silver-16W,0
G,G0807W-Silver-18W,0
G,G0807W-Silver-20W,0
G,G0807W-Silver-22W,0
G,G0807W-Silver-24W,0
G,G0810-White/Blue-10,0
G,G0810-White/Blue-12,0
G,G0810-White/Blue-14,0
G,G0810-White/Blue-16,0
G,G0810-White/Blue-18,0
G,G0810-White/Lime-10,0
G,G0810-White/Lime-12,0
G,G0810-White/Lime-14,0
G,G0810-White/Lime-16,0
G,G0810-White/Lime-18,0
G,G0810-White/Navy-10,0
G,G0810-White/Navy-12,0
G,G0810-White/Navy-14,0
G,G0810-White/Navy-16,0
G,G0810-White/Navy-18,0
G,G0810-White/Pink-10,0
G,G0810-White/Pink-12,0
G,G0810-White/Pink-14,0
G,G0810-White/Pink-16,0
G,G0810-White/Pink-18,0
G,G0810W-Navy/Wht-14W,0
G,G0810W-Navy/Wht-16W,0
G,G0810W-Navy/Wht-18W,0
G,G0810W-Navy/Wht-20W,0
G,G0810W-Navy/Wht-22W,0
G,G0810W-Navy/Wht-24W,0
G,G0810W-Navy/Wht-26W,0
G,G0810W-Wht/Blu-14W,0
G,G0810W-Wht/Blu-16W,0
G,G0810W-Wht/Blu-18W,0
G,G0810W-Wht/Blu-20W,0
G,G0810W-Wht/Blu-22W,0
G,G0810W-Wht/Blu-24W,0
G,G0810W-Wht/Blu-26W,0
G,G0810W-Wht/Lim-14W,0
G,G0810W-Wht/Lim-16W,0
G,G0810W-Wht/Lim-18W,0
G,G0810W-Wht/Lim-20W,0
G,G0810W-Wht/Lim-22W,0
G,G0810W-Wht/Lim-24W,0
G,G0810W-Wht/Lim-26W,0
G,G0810W-Wht/Pnk-14W,0
G,G0810W-Wht/Pnk-16W,0
G,G0810W-Wht/Pnk-18W,0
G,G0810W-Wht/Pnk-20W,0
G,G0810W-Wht/Pnk-22W,0
G,G0810W-Wht/Pnk-24W,0
G,G0810W-Wht/Pnk-26W,0
G,G1001-Black-10,3
G,G1001-Black-12,3
G,G1001-Black-14,3
G,G1001-Black-16,3
G,G1001-Black-18,3
G,G1001-Brt Yel-10,0
G,G1001-Brt Yel-12,0
G,G1001-Brt Yel-14,0
G,G1001-Brt Yel-16,0
G,G1001-Brt Yel-18,0
G,G1001-Brt Yel-8,0
G,G1001-LPurple-10,0
G,G1001-LPurple-12,0
G,G1001-LPurple-14,0
G,G1001-LPurple-16,0
G,G1001-LPurple-18,0
G,G1001-Red-10,3
G,G1001-Red-12,0
G,G1001-Red-14,0
G,G1001-Red-16,0
G,G1001-Red-18,0
G,G1001-Silver-10,3
G,G1001-Silver-12,3
G,G1001-Silver-14,2
G,G1001-Silver-16,0
G,G1001-Silver-18,3
G,G1001-White-10,0
G,G1001-White-12,3
G,G1001-White-14,3
G,G1001-White-16,2
G,G1001-White-18,3
G,G1001W-Black-14W,0
G,G1001W-Black-16W,3
G,G1001W-Black-18W,2
G,G1001W-Black-20W,3
G,G1001W-Black-22W,0
G,G1001W-Black-24W,3
G,G1001W-Black-26,2
G,G1001W-Brt Yel-16W,0
G,G1001W-Brt Yel-18W,0
G,G1001W-Brt Yel-20W,0
G,G1001W-Brt Yel-22W,0
G,G1001W-Brt Yel-24W,0
G,G1001W-Brt Yel-26W,0
G,G1001W-Lt.Purple-14W,0
G,G1001W-Lt.Purple-16W,0
G,G1001W-Lt.Purple-18W,0
G,G1001W-Lt.Purple-20W,0
G,G1001W-Lt.Purple-22W,0
G,G1001W-Lt.Purple-24W,0
G,G1001W-Lt.Purple-26W,0
G,G1001W-Red-14W,0
G,G1001W-Red-16W,0
G,G1001W-Red-18W,0
G,G1001W-Red-20W,0
G,G1001W-Red-22W,0
G,G1001W-Red-24W,0
G,G1001W-Silver-14W,3
G,G1001W-Silver-16W,2
G,G1001W-Silver-18W,0
G,G1001W-Silver-20W,0
G,G1001W-Silver-22W,0
G,G1001W-Silver-24W,3
G,G1001W-Silver-26W,1
G,G1001W-White-14W,3
G,G1001W-White-16W,3
G,G1001W-White-18W,2
G,G1001W-White-20W,2
G,G1001W-White-22W,3
G,G1001W-White-24W,1
G,G1001W-White-26W,3
G,G1002-Navy-10,0
G,G1002-Navy-12,0
G,G1002-Navy-14,0
G,G1002-Navy-16,0
G,G1002-Navy-18,0
G,G1002-White-10,0
G,G1002-White-12,0
G,G1002-White-14,0
G,G1002-White-16,0
G,G1002-White-18,0
G,G1002-Wine-10,0
G,G1002-Wine-12,0
G,G1002-Wine-14,0
G,G1002-Wine-16,0
G,G1002-Wine-18,0
G,G1002W-Navy-14W,0
G,G1002W-Navy-16W,0
G,G1002W-Navy-18W,0
G,G1002W-Navy-20W,0
G,G1002W-Navy-22W,0
G,G1002W-Navy-24W,0
G,G1002W-White-14W,0
G,G1002W-White-16W,0
G,G1002W-White-18W,0
G,G1002W-White-20W,0
G,G1002W-White-22W,0
G,G1002W-White-24W,0
G,G1002W-Wine-14W,0
G,G1002W-Wine-16W,0
G,G1002W-Wine-18W,0
G,G1002W-Wine-20W,0
G,G1002W-Wine-22W,0
G,G1002W-Wine-24W,0
G,G1003-Black-10,0
G,G1003-Black-12,0
G,G1003-Black-14,0
G,G1003-Black-16,0
G,G1003-Black-18,0
G,G1003-HPink-10,0
G,G1003-HPink-12,0
G,G1003-HPink-14,0
G,G1003-HPink-16,0
G,G1003-HPink-18,0
G,G1003-Purple-10,0
G,G1003-Purple-12,0
G,G1003-Purple-14,0
G,G1003-Purple-16,0
G,G1003-Purple-18,0
G,G1003-Royal-10,0
G,G1003-Royal-12,0
G,G1003-Royal-14,0
G,G1003-Royal-16,0
G,G1003-Royal-18,0
G,G1003-Silver-10,0
G,G1003-Silver-12,0
G,G1003-Silver-14,0
G,G1003-Silver-16,0
G,G1003-Silver-18,0
G,G1003-White-10,0
G,G1003-White-12,0
G,G1003-White-14,0
G,G1003-White-16,0
G,G1003-White-18,0
G,G1003-Wine-10,0
G,G1003-Wine-12,0
G,G1003-Wine-14,0
G,G1003-Wine-16,0
G,G1003-Wine-18,0
G,G1003W-Black-14W,0
G,G1003W-Black-16W,0
G,G1003W-Black-18W,0
G,G1003W-Black-20W,0
G,G1003W-Black-22W,0
G,G1003W-Black-24W,0
G,G1003W-Black-26W,0
G,G1003W-Hot Pink-14W,0
G,G1003W-Hot Pink-16W,0
G,G1003W-Hot Pink-18W,0
G,G1003W-Hot Pink-20W,0
G,G1003W-Hot Pink-22W,0
G,G1003W-Hot Pink-24W,0
G,G1003W-Hot Pink-26W,0
G,G1003W-Purple-14W,0
G,G1003W-Purple-16W,0
G,G1003W-Purple-18W,0
G,G1003W-Purple-20W,0
G,G1003W-Purple-22W,0
G,G1003W-Purple-24W,0
G,G1003W-Purple-26W,0
G,G1003W-Royal-14W,0
G,G1003W-Royal-16W,0
G,G1003W-Royal-18W,0
G,G1003W-Royal-20W,0
G,G1003W-Royal-22W,0
G,G1003W-Royal-24W,0
G,G1003W-Silver-14W,0
G,G1003W-Silver-16W,0
G,G1003W-Silver-18W,0
G,G1003W-Silver-20W,0
G,G1003W-Silver-22W,0
G,G1003W-Silver-24W,0
G,G1003W-Silver-26W,0
G,G1003W-White-14W,0
G,G1003W-White-16W,0
G,G1003W-White-18W,0
G,G1003W-White-20W,0
G,G1003W-White-22W,0
G,G1003W-White-24W,0
G,G1003W-White-26W,0
G,G1003W-Wine-14W,0
G,G1003W-Wine-16W,0
G,G1003W-Wine-18W,0
G,G1003W-Wine-20W,0
G,G1003W-Wine-22W,0
G,G1003W-Wine-24W,0
G,G1003W-Wine-26W,0
G,G1004-LPurple-10,0
G,G1004-LPurple-12,0
G,G1004-LPurple-14,0
G,G1004-LPurple-16,0
G,G1004-LPurple-18,0
G,G1004-Red-10,0
G,G1004-Red-12,0
G,G1004-Red-14,0
G,G1004-Red-16,0
G,G1004-Red-18,0
G,G1004-Silver-10,0
G,G1004-Silver-12,0
G,G1004-Silver-14,0
G,G1004-Silver-16,0
G,G1004-Silver-18,0
G,G1004-White-10,0
G,G1004-White-12,0
G,G1004-White-14,0
G,G1004-White-16,0
G,G1004-White-18,0
G,G1005-White-10,0
G,G1005-White-12,0
G,G1005-White-14,0
G,G1005-White-16,0
G,G1005-White-18,0
G,G1006-Red-10,0
G,G1006-Red-12,0
G,G1006-Red-14,0
G,G1006-Red-16,0
G,G1006-Red-18,0
G,G1006-Silver-10,0
G,G1006-Silver-12,0
G,G1006-Silver-14,0
G,G1006-Silver-16,0
G,G1006-Silver-18,0
G,G1006-White-10,0
G,G1006-White-12,0
G,G1006-White-14,0
G,G1006-White-16,0
G,G1006-White-18,0
G,G1006W-Red-16W,0
G,G1006W-Red-18W,0
G,G1006W-Red-20W,0
G,G1006W-Red-22W,0
G,G1006W-Red-24W,0
G,G1006W-Red-26W,0
G,G1006W-Silver-16W,0
G,G1006W-Silver-18W,0
G,G1006W-Silver-20W,0
G,G1006W-Silver-22W,0
G,G1006W-Silver-24W,0
G,G1006W-Silver-26W,0
G,G1006W-White-16W,0
G,G1006W-White-18W,0
G,G1006W-White-20W,0
G,G1006W-White-22W,0
G,G1006W-White-24W,0
G,G1006W-White-26W,0
G,G1007-Black-10,3
G,G1007-Black-12,3
G,G1007-Black-14,3
G,G1007-Black-16,3
G,G1007-Black-18,3
G,G1007-Chocolate-10,3
G,G1007-Chocolate-12,0
G,G1007-Chocolate-14,0
G,G1007-Chocolate-16,0
G,G1007-Chocolate-18,0
G,G1007-Green-10,3
G,G1007-Green-12,3
G,G1007-Green-14,3
G,G1007-Green-16,2
G,G1007-Green-18,0
G,G1007-IBlue-10,0
G,G1007-IBlue-12,0
G,G1007-IBlue-14,0
G,G1007-IBlue-16,0
G,G1007-IBlue-18,0
G,G1007-Red-10,0
G,G1007-Red-12,2
G,G1007-Red-14,0
G,G1007-Red-16,0
G,G1007-Red-18,0
G,G1007-SoftPink-10,0
G,G1007-SoftPink-12,0
G,G1007-SoftPink-14,0
G,G1007-SoftPink-16,0
G,G1007-SoftPink-18,0
G,G1007-White-10,0
G,G1007-White-12,0
G,G1007-White-14,0
G,G1007-White-16,1
G,G1007-White-18,0
G,G1007W-Black-14W,3
G,G1007W-Black-16W,3
G,G1007W-Black-18W,3
G,G1007W-Black-20W,3
G,G1007W-Black-22W,3
G,G1007W-Black-24W,3
G,G1007W-Black-26W,3
G,G1007W-Choco-14W,2
G,G1007W-Choco-16W,1
G,G1007W-Choco-18W,0
G,G1007W-Choco-20W,0
G,G1007W-Choco-22W,0
G,G1007W-Choco-24W,2
G,G1007W-Choco-26W,0
G,G1007W-Emerald-14W,3
G,G1007W-Emerald-16W,3
G,G1007W-Emerald-18W,2
G,G1007W-Emerald-20W,0
G,G1007W-Emerald-22W,0
G,G1007W-Emerald-24W,3
G,G1007W-Emerald-26W,0
G,G1007W-IBlue-16W,0
G,G1007W-IBlue-18W,0
G,G1007W-IBlue-20W,0
G,G1007W-IBlue-22W,0
G,G1007W-IBlue-24W,0
G,G1007W-IBlue-26W,0
G,G1007W-Red-14W,4
G,G1007W-Red-16W,3
G,G1007W-Red-18W,2
G,G1007W-Red-20W,0
G,G1007W-Red-22W,3
G,G1007W-Red-24W,3
G,G1007W-Red-26W,2
G,G1007W-SPink-14W,0
G,G1007W-SPink-16W,0
G,G1007W-SPink-18W,0
G,G1007W-SPink-20W,0
G,G1007W-SPink-22W,0
G,G1007W-SPink-24W,3
G,G1007W-SPink-26W,1
G,G1007W-White-14W,0
G,G1007W-White-16W,0
G,G1007W-White-18W,3
G,G1007W-White-20W,2
G,G1007W-White-22W,3
G,G1007W-White-24W,3
G,G1007W-White-26W,0
G,G1009-Choco-10,0
G,G1009-Choco-12,0
G,G1009-Choco-14,0
G,G1009-Choco-16,0
G,G1009-Choco-18,0
G,G1009-Chocolate-10,0
G,G1009-Chocolate-12,0
G,G1009-Chocolate-14,0
G,G1009-Chocolate-16,0
G,G1009-Chocolate-18,0
G,G1009-Purple-10,0
G,G1009-Purple-12,0
G,G1009-Purple-14,0
G,G1009-Purple-16,0
G,G1009-Purple-18,0
G,G1009-Royal-10,0
G,G1009-Royal-12,0
G,G1009-Royal-14,0
G,G1009-Royal-16,0
G,G1009-Royal-18,0
G,G1009-White-10,0
G,G1009-White-12,0
G,G1009-White-14,0
G,G1009-White-16,0
G,G1009-White-18,0
G,G1009W-Choco-14W,0
G,G1009W-Choco-16W,0
G,G1009W-Choco-18W,0
G,G1009W-Choco-20W,0
G,G1009W-Choco-22W,0
G,G1009W-Choco-24W,0
G,G1009W-Purple-14W,0
G,G1009W-Purple-16W,0
G,G1009W-Purple-18W,0
G,G1009W-Purple-20W,0
G,G1009W-Purple-22W,0
G,G1009W-Purple-24W,0
G,G1009W-Royal-14W,0
G,G1009W-Royal-16W,0
G,G1009W-Royal-18W,0
G,G1009W-Royal-20W,0
G,G1009W-Royal-22W,0
G,G1009W-Royal-24W,0
G,G1009W-White-14W,0
G,G1009W-White-16W,0
G,G1009W-White-18W,0
G,G1009W-White-20W,0
G,G1009W-White-22W,0
G,G1009W-White-24W,0
G,G1010-Black-10,0
G,G1010-Black-12,0
G,G1010-Black-14,0
G,G1010-Black-16,0
G,G1010-Black-18,0
G,G1010-Ginger-10,0
G,G1010-Ginger-12,0
G,G1010-Ginger-14,0
G,G1010-Ginger-16,0
G,G1010-Ginger-18,0
G,G1010-Purple-10,0
G,G1010-Purple-12,0
G,G1010-Purple-14,0
G,G1010-Purple-16,0
G,G1010-Purple-18,0
G,G1010-Royal-10,0
G,G1010-Royal-12,0
G,G1010-Royal-14,0
G,G1010-Royal-16,0
G,G1010-Royal-18,0
G,G1010-Silver-10,0
G,G1010-Silver-12,0
G,G1010-Silver-14,0
G,G1010-Silver-16,0
G,G1010-Silver-18,0
G,G1010-White-10,0
G,G1010-White-12,0
G,G1010-White-14,0
G,G1010-White-16,0
G,G1010-White-18,0
G,G1010W-Black-14W,0
G,G1010W-Black-16W,0
G,G1010W-Black-18W,0
G,G1010W-Black-20W,0
G,G1010W-Black-22W,0
G,G1010W-Black-24W,0
G,G1010W-Black-26W,0
G,G1010W-Ginger-14W,0
G,G1010W-Ginger-16W,0
G,G1010W-Ginger-18W,0
G,G1010W-Ginger-20W,0
G,G1010W-Ginger-22W,0
G,G1010W-Ginger-24W,0
G,G1010W-Ginger-26W,0
G,G1010W-Royal-14W,0
G,G1010W-Royal-16W,0
G,G1010W-Royal-18W,0
G,G1010W-Royal-20W,0
G,G1010W-Royal-22W,0
G,G1010W-Royal-24W,0
G,G1010W-Royal-26W,0
G,G1010W-Silver-14W,0
G,G1010W-Silver-16W,0
G,G1010W-Silver-18W,0
G,G1010W-Silver-20W,0
G,G1010W-Silver-22W,0
G,G1010W-Silver-24W,0
G,G1010W-Silver-26W,0
G,G1010W-White-14W,0
G,G1010W-White-16W,0
G,G1010W-White-18W,0
G,G1010W-White-20W,0
G,G1010W-White-22W,0
G,G1010W-White-24W,0
G,G1010W-White-26W,0
G,G1012-Blue-10,0
G,G1012-Blue-12,0
G,G1012-Blue-14,0
G,G1012-Blue-16,0
G,G1012-Blue-18,0
G,G1012-Pink-10,0
G,G1012-Pink-12,0
G,G1012-Pink-14,0
G,G1012-Pink-16,0
G,G1012-Pink-18,0
G,G1012-Royal-10,0
G,G1012-Royal-12,0
G,G1012-Royal-14,0
G,G1012-Royal-16,0
G,G1012-Royal-18,0
G,G1012-White-10,0
G,G1012-White-12,0
G,G1012-White-14,0
G,G1012-White-16,0
G,G1012-White-18,0
G,G1012W-White-14W,0
G,G1012W-White-16W,0
G,G1012W-White-18W,0
G,G1012W-White-20W,0
G,G1012W-White-22W,0
G,G1012W-White-24W,0
G,G1012W-White-26W,0
G,G1013-Gold-10,0
G,G1013-Gold-12,0
G,G1013-Gold-14,0
G,G1013-Gold-16,0
G,G1013-Gold-18,0
G,G1013-Navy-10,0
G,G1013-Navy-12,0
G,G1013-Navy-14,0
G,G1013-Navy-16,0
G,G1013-Navy-18,0
G,G1013-Purple-10,0
G,G1013-Purple-12,0
G,G1013-Purple-14,0
G,G1013-Purple-16,0
G,G1013-Purple-18,0
G,G1013W-Gold-16W,0
G,G1013W-Gold-18W,0
G,G1013W-Gold-20W,0
G,G1013W-Gold-22W,0
G,G1013W-Gold-24W,0
G,G1013W-Gold-26W,0
G,G1013W-Navy-16W,0
G,G1013W-Navy-18W,0
G,G1013W-Navy-20W,0
G,G1013W-Navy-22W,0
G,G1013W-Navy-24W,0
G,G1013W-Purple-16W,0
G,G1013W-Purple-18W,0
G,G1014-Eggplant-10,0
G,G1014-Eggplant-12,0
G,G1014-Eggplant-14,0
G,G1014-Eggplant-16,0
G,G1014-Eggplant-18,0
G,G1014-Gold-10,0
G,G1014-Gold-12,0
G,G1014-Gold-14,0
G,G1014-Gold-16,0
G,G1014-Gold-18,0
G,G1014-Nvy/Slvr-10,0
G,G1014-Nvy/Slvr-12,0
G,G1014-Nvy/Slvr-14,0
G,G1014-Nvy/Slvr-16,0
G,G1014-Nvy/Slvr-18,0
G,G1014-Wht/Slvr-10,0
G,G1014-Wht/Slvr-12,0
G,G1014-Wht/Slvr-14,0
G,G1014-Wht/Slvr-16,0
G,G1014-Wht/Slvr-18,0
G,G1014W-Eggplant-14W,0
G,G1014W-Eggplant-16W,0
G,G1014W-Eggplant-18W,0
G,G1014W-Eggplant-20W,0
G,G1014W-Eggplant-22W,0
G,G1014W-Eggplant-24W,0
G,G1014W-Eggplant-26W,0
G,G1014W-Gold-14W,0
G,G1014W-Gold-16W,0
G,G1014W-Gold-18W,0
G,G1014W-Gold-20W,0
G,G1014W-Gold-22W,0
G,G1014W-Gold-24W,0
G,G1014W-Gold-26W,0
G,G1014W-Nvy/Silv-14W,0
G,G1014W-Nvy/Silv-16W,0
G,G1014W-Nvy/Silv-18W,0
G,G1014W-Nvy/Silv-20W,0
G,G1014W-Nvy/Silv-22W,0
G,G1014W-Nvy/Silv-24W,0
G,G1014W-Nvy/Silv-26W,0
G,G1015-Ivy/Gld-10,0
G,G1015-Ivy/Gld-12,0
G,G1015-Ivy/Gld-14,0
G,G1015-Ivy/Gld-16,0
G,G1015-Ivy/Gld-18,0
G,G1016-Black/White-10,0
G,G1016-Black/White-12,0
G,G1016-Black/White-14,0
G,G1016-Black/White-16,0
G,G1016-Black/White-18,0
G,G1016-Black/White-8,0
G,G1016-White/Black-10,0
G,G1016-White/Black-12,0
G,G1016-White/Black-14,0
G,G1016-White/Black-16,0
G,G1016-White/Black-18,0
G,G1016W-Blk/Wht-14W,0
G,G1016W-Blk/Wht-16W,0
G,G1016W-Blk/Wht-18W,0
G,G1016W-Blk/Wht-20W,0
G,G1016W-Blk/Wht-22W,0
G,G1016W-Blk/Wht-24W,0
G,G1016W-Blk/Wht-26W,0
G,G1016W-Wht/Blk-14W,0
G,G1016W-Wht/Blk-16W,0
G,G1016W-Wht/Blk-18W,0
G,G1016W-Wht/Blk-20W,0
G,G1016W-Wht/Blk-22W,0
G,G1016W-Wht/Blk-24W,0
G,G1016W-Wht/Blk-26W,0
G,G1017-Blk/Wht-10,0
G,G1017-Blk/Wht-12,0
G,G1017-Blk/Wht-14,0
G,G1017-Blk/Wht-16,0
G,G1017-Blk/Wht-18,0
G,G1017-Wht/Blk-10,0
G,G1017-Wht/Blk-12,0
G,G1017-Wht/Blk-14,0
G,G1017-Wht/Blk-16,0
G,G1017-Wht/Blk-18,0
G,G1017W-Blk/Wht-14W,0
G,G1017W-Blk/Wht-16W,0
G,G1017W-Blk/Wht-18W,0
G,G1017W-Blk/Wht-20W,0
G,G1017W-Blk/Wht-22W,0
G,G1017W-Blk/Wht-24W,0
G,G1017W-Wht/Blk-14W,0
G,G1017W-Wht/Blk-16W,0
G,G1017W-Wht/Blk-18W,0
G,G1017W-Wht/Blk-20W,0
G,G1017W-Wht/Blk-22W,0
G,G1017W-Wht/Blk-24W,0
G,G1018-Black-10,1
G,G1018-Black-12,0
G,G1018-Black-14,0
G,G1018-Black-16,0
G,G1018-Black-18,2
G,G1018-Cran-10,0
G,G1018-Cran-12,0
G,G1018-Cran-14,0
G,G1018-Cran-16,0
G,G1018-Cran-18,2
G,G1018-Ginger-10,0
G,G1018-Ginger-12,0
G,G1018-Ginger-14,2
G,G1018-Ginger-16,2
G,G1018-Ginger-18,2
G,G1018-Lime-10,0
G,G1018-Lime-12,0
G,G1018-Lime-14,0
G,G1018-Lime-16,0
G,G1018-Lime-18,0
G,G1018-Navy-10,0
G,G1018-Navy-12,0
G,G1018-Navy-14,0
G,G1018-Navy-16,1
G,G1018-Navy-18,1
G,G1018-Pink-10,0
G,G1018-Pink-12,0
G,G1018-Pink-14,0
G,G1018-Pink-14W,0
G,G1018-Pink-16,0
G,G1018-Pink-16W,0
G,G1018-Pink-18,0
G,G1018-Pink-18W,0
G,G1018-Pink-20W,0
G,G1018-Pink-22W,0
G,G1018-Pink-24W,0
G,G1018-Purple-10,0
G,G1018-Purple-12,0
G,G1018-Purple-14,0
G,G1018-Purple-16,0
G,G1018-Purple-18,2
G,G1018-Soft Pink-10,0
G,G1018-Soft Pink-12,0
G,G1018-Soft Pink-14,0
G,G1018-Soft Pink-16,0
G,G1018-Soft Pink-18,0
G,G1018W-Black-14W,1
G,G1018W-Black-16W,2
G,G1018W-Black-18W,1
G,G1018W-Black-20W,0
G,G1018W-Black-22W,2
G,G1018W-Black-24W,2
G,G1018W-Black-26W,2
G,G1018W-Cranberry-14W,0
G,G1018W-Cranberry-16W,2
G,G1018W-Cranberry-18W,0
G,G1018W-Cranberry-20W,0
G,G1018W-Cranberry-22W,2
G,G1018W-Cranberry-24W,2
G,G1018W-Cranberry-26W,2
G,G1018W-Ginger-14W,2
G,G1018W-Ginger-16W,0
G,G1018W-Ginger-18W,2
G,G1018W-Ginger-20W,2
G,G1018W-Ginger-22W,2
G,G1018W-Ginger-24W,2
G,G1018W-Ginger-26W,2
G,G1018W-Lime-14W,0
G,G1018W-Lime-16W,0
G,G1018W-Lime-18W,0
G,G1018W-Lime-20W,0
G,G1018W-Lime-22W,0
G,G1018W-Lime-24W,0
G,G1018W-Lime-26W,0
G,G1018W-Navy-14W,0
G,G1018W-Navy-16W,0
G,G1018W-Navy-18W,0
G,G1018W-Navy-20W,0
G,G1018W-Navy-22W,0
G,G1018W-Navy-24W,0
G,G1018W-Navy-26W,0
G,G1018W-Purple-14W,2
G,G1018W-Purple-16W,2
G,G1018W-Purple-18W,0
G,G1018W-Purple-20W,0
G,G1018W-Purple-22W,0
G,G1018W-Purple-24W,2
G,G1018W-Purple-26W,0
G,G1018W-Soft Pink-14W,2
G,G1018W-Soft Pink-16W,2
G,G1018W-Soft Pink-18W,2
G,G1018W-Soft Pink-20W,2
G,G1018W-Soft Pink-22W,2
G,G1018W-Soft Pink-24W,2
G,G1018W-Soft Pink-26W,2
G,G1018W-White-14W,2
G,G1018W-White-16W,2
G,G1018W-White-18W,2
G,G1018W-White-20W,2
G,G1018W-White-22W,2
G,G1018W-White-24W,2
G,G1018W-White-26W,2
G,G1019-White/Black-10,0
G,G1019-White/Black-12,0
G,G1019-White/Black-14,0
G,G1019-White/Black-16,0
G,G1019-White/Black-18,0
G,G1019W-Wht/Blk-16W,0
G,G1019W-Wht/Blk-18W,0
G,G1019W-Wht/Blk-20W,0
G,G1019W-Wht/Blk-22W,0
G,G1019W-Wht/Blk-24W,0
G,G1019W-Wht/Blk-26,0
G,G1020-Orange/Blk-10,0
G,G1020-Orange/Blk-12,0
G,G1020-Orange/Blk-14,0
G,G1020-Orange/Blk-16,0
G,G1020-Orange/Blk-18,0
G,G1020-White/Black-10,0
G,G1020-White/Black-12,0
G,G1020-White/Black-14,0
G,G1020-White/Black-16,0
G,G1020-White/Black-18,0
G,G1020W-Blk/Wht-16W,0
G,G1020W-Blk/Wht-18W,0
G,G1020W-Blk/Wht-20W,0
G,G1020W-Blk/Wht-22W,0
G,G1020W-Blk/Wht-24W,0
G,G1020W-Org/Blk-16W,0
G,G1020W-Org/Blk-18W,0
G,G1020W-Org/Blk-20W,0
G,G1020W-Org/Blk-22W,0
G,G1020W-Org/Blk-24W,0
G,G1021-Champagne-10,0
G,G1021-Champagne-12,0
G,G1021-Champagne-14,0
G,G1021-Champagne-16,0
G,G1021-Champagne-18,0
G,G1021-Champagne-8,0
G,G1021-Ivory-10,0
G,G1021-Ivory-12,0
G,G1021-Ivory-14,0
G,G1021-Ivory-16,0
G,G1021-Ivory-18,0
G,G1021-Ivory-8,0
G,G1021-Turq-10,0
G,G1021-Turq-12,0
G,G1021-Turq-14,0
G,G1021-Turq-16,0
G,G1021-Turq-18,0
G,G1021-Turq-8,0
G,G1021W-Champagne-14W,0
G,G1021W-Champagne-16W,0
G,G1021W-Champagne-18W,0
G,G1021W-Champagne-20W,0
G,G1021W-Champagne-22W,0
G,G1021W-Champagne-24W,0
G,G1021W-Ivory-14W,0
G,G1021W-Ivory-16W,0
G,G1021W-Ivory-18W,0
G,G1021W-Ivory-20W,0
G,G1021W-Ivory-22W,0
G,G1021W-Ivory-24W,0
G,G1022-White/Blue-10,0
G,G1022-White/Blue-12,0
G,G1022-White/Blue-14,0
G,G1022-White/Blue-16,0
G,G1022-White/Blue-18,0
G,G1022-White/Blue-8,0
G,G1022-White/Navy-10,0
G,G1022-White/Navy-12,0
G,G1022-White/Navy-14,0
G,G1022-White/Navy-16,0
G,G1022-White/Navy-18,0
G,G1022-White/Navy-8,0
G,G1022-White/Pink-10,0
G,G1022-White/Pink-12,0
G,G1022-White/Pink-14,0
G,G1022-White/Pink-16,0
G,G1022-White/Pink-18,0
G,G1022-White/Pink-8,0
G,G1022W-Navy/Wht-14W,0
G,G1022W-Navy/Wht-16W,0
G,G1022W-Navy/Wht-18W,0
G,G1022W-Navy/Wht-20W,0
G,G1022W-Navy/Wht-22W,0
G,G1022W-Navy/Wht-24W,0
G,G1022W-Navy/Wht-26W,0
G,G1022W-Wht/Blue-14W,0
G,G1022W-Wht/Blue-16W,0
G,G1022W-Wht/Blue-18W,0
G,G1022W-Wht/Blue-20W,0
G,G1022W-Wht/Blue-22W,0
G,G1022W-Wht/Blue-24W,0
G,G1022W-Wht/Blue-26W,0
G,G1022W-Wht/Pink-14W,0
G,G1022W-Wht/Pink-16W,0
G,G1022W-Wht/Pink-18W,0
G,G1022W-Wht/Pink-20W,0
G,G1022W-Wht/Pink-22W,0
G,G1022W-Wht/Pink-24W,0
G,G1022W-Wht/Pink-26W,0
G,G1023-White/Blue-10,0
G,G1023-White/Blue-12,0
G,G1023-White/Blue-14,0
G,G1023-White/Blue-16,0
G,G1023-White/Blue-18,0
G,G1023-White/Blue-8,0
G,G1023-White/Navy-10,0
G,G1023-White/Navy-12,0
G,G1023-White/Navy-14,0
G,G1023-White/Navy-16,0
G,G1023-White/Navy-18,0
G,G1023-White/Navy-8,0
G,G1023-White/Pink-10,0
G,G1023-White/Pink-12,0
G,G1023-White/Pink-14,0
G,G1023-White/Pink-16,0
G,G1023-White/Pink-18,0
G,G1023-White/Pink-8,0
G,G1023W-Wht/Blu-14W,0
G,G1023W-Wht/Blu-16W,0
G,G1023W-Wht/Blu-18W,0
G,G1023W-Wht/Blu-20W,0
G,G1023W-Wht/Blu-22W,0
G,G1023W-Wht/Blu-24W,0
G,G1023W-Wht/Blu-26W,0
G,G1023W-Wht/Nvy-14W,0
G,G1023W-Wht/Nvy-16W,0
G,G1023W-Wht/Nvy-18W,0
G,G1023W-Wht/Nvy-20W,0
G,G1023W-Wht/Nvy-22W,0
G,G1023W-Wht/Nvy-24W,0
G,G1023W-Wht/Nvy-26W,0
G,G1023W-Wht/Pnk-14W,0
G,G1023W-Wht/Pnk-16W,0
G,G1023W-Wht/Pnk-18W,0
G,G1023W-Wht/Pnk-20W,0
G,G1023W-Wht/Pnk-22W,0
G,G1023W-Wht/Pnk-24W,0
G,G1023W-Wht/Pnk-26W,0
G,G1024-White/Blue-10,0
G,G1024-White/Blue-12,0
G,G1024-White/Blue-14,0
G,G1024-White/Blue-16,0
G,G1024-White/Blue-18,0
G,G1024-White/Blue-8,0
G,G1024-White/Lime-10,0
G,G1024-White/Lime-12,0
G,G1024-White/Lime-14,0
G,G1024-White/Lime-16,0
G,G1024-White/Lime-18,0
G,G1024-White/Lime-8,0
G,G1024-White/Navy-10,0
G,G1024-White/Navy-12,0
G,G1024-White/Navy-14,0
G,G1024-White/Navy-16,0
G,G1024-White/Navy-18,0
G,G1024-White/Navy-8,0
G,G1024W-Wht/Nvy-14W,0
G,G1024W-Wht/Nvy-16W,0
G,G1024W-Wht/Nvy-18W,0
G,G1024W-Wht/Nvy-20W,0
G,G1024W-Wht/Nvy-22W,0
G,G1024W-Wht/Nvy-24W,0
G,G1024W-Wht/Nvy-26W,0
G,G1025-Blue-10,0
G,G1025-Blue-12,0
G,G1025-Blue-14,0
G,G1025-Blue-16,0
G,G1025-Blue-18,0
G,G1025-Champagne-10,0
G,G1025-Champagne-12,0
G,G1025-Champagne-14,0
G,G1025-Champagne-16,0
G,G1025-Champagne-18,0
G,G1025W-Blue-14W,0
G,G1025W-Blue-16W,0
G,G1025W-Blue-18W,0
G,G1025W-Blue-20W,0
G,G1025W-Blue-22W,0
G,G1025W-Blue-24W,0
G,G1025W-Champ-14W,0
G,G1025W-Champ-16W,0
G,G1025W-Champ-18W,0
G,G1025W-Champ-20W,0
G,G1025W-Champ-22W,0
G,G1025W-Champ-24W,0
G,G1026-Champ-10,0
G,G1026-Champ-12,0
G,G1026-Champ-14,0
G,G1026-Champ-16,0
G,G1026-Champ-18,0
G,G1026-Champ-8,2
G,G1026-Lavender-10,0
G,G1026-Lavender-12,0
G,G1026-Lavender-14,0
G,G1026-Lavender-16,0
G,G1026-Lavender-18,0
G,G1026-Lavender-8,0
G,G1026-Red-10,0
G,G1026-Red-12,0
G,G1026-Red-14,0
G,G1026-Red-16,0
G,G1026-Red-18,0
G,G1026-Red-8,0
G,G1026-White-10,2
G,G1026-White-12,1
G,G1026-White-14,2
G,G1026-White-16,0
G,G1026-White-18,1
G,G1026-White-8,0
G,G1026W-Champagne-14W,0
G,G1026W-Champagne-16W,1
G,G1026W-Champagne-18W,1
G,G1026W-Champagne-20W,1
G,G1026W-Champagne-22W,1
G,G1026W-Champagne-24W,1
G,G1026W-Champagne-26W,0
G,G1026W-Lavender-14W,0
G,G1026W-Lavender-16W,0
G,G1026W-Lavender-18W,0
G,G1026W-Lavender-20W,0
G,G1026W-Lavender-22W,0
G,G1026W-Lavender-24W,0
G,G1026W-Lavender-26W,0
G,G1026W-Red-14W,0
G,G1026W-Red-16W,0
G,G1026W-Red-18W,0
G,G1026W-Red-20W,0
G,G1026W-Red-22W,0
G,G1026W-Red-24W,0
G,G1026W-Red-26W,0
G,G1026W-White-14W,1
G,G1026W-White-16W,2
G,G1026W-White-18W,2
G,G1026W-White-20W,2
G,G1026W-White-22W,2
G,G1026W-White-24W,2
G,G1026W-White-26W,2
G,G1028-Black-10,0
G,G1028-Black-12,0
G,G1028-Black-14,0
G,G1028-Black-16,0
G,G1028-Black-18,0
G,G1028-White-10,0
G,G1028-White-12,0
G,G1028-White-14,0
G,G1028-White-16,0
G,G1028-White-18,0
G,G1028W-Black-16W,0
G,G1028W-Black-18W,0
G,G1028W-Black-20W,0
G,G1028W-Black-22W,0
G,G1028W-Black-24W,0
G,G1028W-Black-26W,0
G,G1028W-White-16W,0
G,G1028W-White-18W,0
G,G1028W-White-20W,0
G,G1028W-White-22W,0
G,G1028W-White-24W,0
G,G1028W-White-26W,2
G,G1029-Blue-10,0
G,G1029-Blue-12,0
G,G1029-Blue-14,0
G,G1029-Blue-16,0
G,G1029-Blue-18,0
G,G1029-Off white-10,0
G,G1029-Off white-12,0
G,G1029-Off white-14,0
G,G1029-Off white-16,0
G,G1029-Off white-18,0
G,G1029-Peach-10,0
G,G1029-Peach-12,0
G,G1029-Peach-14,0
G,G1029-Peach-16,0
G,G1029-Peach-18,0
G,G1029W-Blue-14W,0
G,G1029W-Blue-16W,0
G,G1029W-Blue-18W,0
G,G1029W-Blue-20W,0
G,G1029W-Blue-22W,0
G,G1029W-Blue-24W,0
G,G1029W-OffWhite-14W,0
G,G1029W-OffWhite-16W,0
G,G1029W-OffWhite-18W,0
G,G1029W-OffWhite-20W,0
G,G1029W-OffWhite-22W,0
G,G1029W-OffWhite-24W,0
G,G1029W-Peach-14W,0
G,G1029W-Peach-16W,0
G,G1029W-Peach-18W,0
G,G1029W-Peach-20W,0
G,G1029W-Peach-22W,0
G,G1029W-Peach-24W,0
G,G1030-Cham-10,0
G,G1030-Cham-12,0
G,G1030-Cham-14,0
G,G1030-Cham-16,0
G,G1030-Cham-18,0
G,G1030-Navy-10,0
G,G1030-Navy-12,0
G,G1030-Navy-14,0
G,G1030-Navy-16,0
G,G1030-Navy-18,0
G,G1030-White-10,0
G,G1030-White-12,0
G,G1030-White-14,0
G,G1030-White-16,0
G,G1030-White-18,0
G,G1030-White-8,0
G,G1030W-Cham-14W,0
G,G1030W-Cham-16W,0
G,G1030W-Cham-18W,0
G,G1030W-Cham-20W,0
G,G1030W-Cham-22W,0
G,G1030W-Cham-24W,0
G,G1030W-Navy-14W,0
G,G1030W-Navy-16W,0
G,G1030W-Navy-18W,0
G,G1030W-Navy-20W,0
G,G1030W-Navy-22W,0
G,G1030W-Navy-24W,0
G,G1030W-Offwhite-16W,0
G,G1030W-Offwhite-18W,0
G,G1030W-Offwhite-20W,0
G,G1030W-Offwhite-22W,0
G,G1030W-Offwhite-24W,0
G,G1030W-Offwhite-26W,0
G,G1031-Cham-10,0
G,G1031-Cham-12,0
G,G1031-Cham-14,0
G,G1031-Cham-16,0
G,G1031-Cham-18,0
G,G1031-Navy-10,0
G,G1031-Navy-12,0
G,G1031-Navy-14,2
G,G1031-Navy-16,0
G,G1031-Navy-18,2
G,G1031-Peach-10,0
G,G1031-Peach-12,0
G,G1031-Peach-14,0
G,G1031-Peach-16,0
G,G1031-Peach-18,0
G,G1031W-Cham-14W,0
G,G1031W-Cham-16W,0
G,G1031W-Cham-18W,0
G,G1031W-Cham-20W,0
G,G1031W-Cham-22W,0
G,G1031W-Cham-24W,0
G,G1031W-Navy-14W,0
G,G1031W-Navy-16W,0
G,G1031W-Navy-18W,0
G,G1031W-Navy-20W,0
G,G1031W-Navy-22W,0
G,G1031W-Navy-24W,0
G,G1031W-Peach-14W,0
G,G1031W-Peach-16W,0
G,G1031W-Peach-18W,0
G,G1031W-Peach-20W,0
G,G1031W-Peach-22W,0
G,G1031W-Peach-24W,0
G,G1032-Black/sil-10,0
G,G1032-Black/sil-12,0
G,G1032-Black/sil-14,0
G,G1032-Black/sil-16,0
G,G1032-Black/sil-18,2
G,G1032-Black/sil-8,0
G,G1032W-Black/sil-14W,0
G,G1032W-Black/sil-16W,1
G,G1032W-Black/sil-18W,1
G,G1032W-Black/sil-20W,2
G,G1032W-Black/sil-22W,2
G,G1032W-Black/sil-24W,1
G,G1032W-Black/sil-26W,2
G,G1037-Blk/Wht-10,0
G,G1037-Blk/Wht-12,0
G,G1037-Blk/Wht-14,0
G,G1037-Blk/Wht-14W,0
G,G1037-Blk/Wht-16,0
G,G1037-Blk/Wht-16W,0
G,G1037-Blk/Wht-18,0
G,G1037-Blk/Wht-18W,0
G,G1037-Blk/Wht-20W,0
G,G1037-Blk/Wht-22W,0
G,G1037-Blk/Wht-24W,0
G,G1037-Gld/Wht-10,2
G,G1037-Gld/Wht-12,3
G,G1037-Gld/Wht-14,3
G,G1037-Gld/Wht-14W,0
G,G1037-Gld/Wht-16,3
G,G1037-Gld/Wht-16W,0
G,G1037-Gld/Wht-18,3
G,G1037-Gld/Wht-18W,0
G,G1037-Gld/Wht-20W,0
G,G1037-Gld/Wht-22W,0
G,G1037-Gld/Wht-24W,0
G,G1037-Nvy/Wht-10,0
G,G1037-Nvy/Wht-12,0
G,G1037-Nvy/Wht-14,0
G,G1037-Nvy/Wht-14W,0
G,G1037-Nvy/Wht-16,0
G,G1037-Nvy/Wht-16W,0
G,G1037-Nvy/Wht-18,0
G,G1037-Nvy/Wht-18W,0
G,G1037-Nvy/Wht-20W,0
G,G1037-Nvy/Wht-22W,0
G,G1037-Nvy/Wht-24W,0
G,G1039-Blk/Wht-10,2
G,G1039-Blk/Wht-12,2
G,G1039-Blk/Wht-14,0
G,G1039-Blk/Wht-14W,0
G,G1039-Blk/Wht-16,1
G,G1039-Blk/Wht-16W,3
G,G1039-Blk/Wht-18,2
G,G1039-Blk/Wht-18W,1
G,G1039-Blk/Wht-20W,1
G,G1039-Blk/Wht-22W,2
G,G1039-Blk/Wht-24W,2
G,G1039-Blk/Wht-26W,1
G,G1039-Emr/Wht-10,3
G,G1039-Emr/Wht-12,3
G,G1039-Emr/Wht-14,3
G,G1039-Emr/Wht-14W,2
G,G1039-Emr/Wht-16,2
G,G1039-Emr/Wht-16W,3
G,G1039-Emr/Wht-18,3
G,G1039-Emr/Wht-18W,2
G,G1039-Emr/Wht-20W,3
G,G1039-Emr/Wht-22W,3
G,G1039-Emr/Wht-24W,3
G,G1039-Emr/Wht-26W,1
G,G1039-Gld/Wht-10,0
G,G1039-Gld/Wht-12,0
G,G1039-Gld/Wht-14,0
G,G1039-Gld/Wht-14W,0
G,G1039-Gld/Wht-16,0
G,G1039-Gld/Wht-16W,1
G,G1039-Gld/Wht-18,0
G,G1039-Gld/Wht-18W,1
G,G1039-Gld/Wht-20W,3
G,G1039-Gld/Wht-22W,3
G,G1039-Gld/Wht-24W,3
G,G1039-Gld/Wht-26W,0
G,G1042-Emr/Wht-10,3
G,G1042-Emr/Wht-12,1
G,G1042-Emr/Wht-14,3
G,G1042-Emr/Wht-14W,3
G,G1042-Emr/Wht-16,3
G,G1042-Emr/Wht-16W,3
G,G1042-Emr/Wht-18,3
G,G1042-Emr/Wht-18W,3
G,G1042-Emr/Wht-20W,3
G,G1042-Emr/Wht-22W,3
G,G1042-Emr/Wht-24W,3
G,G1042-Gld/Wht-10,2
G,G1042-Gld/Wht-12,0
G,G1042-Gld/Wht-14,3
G,G1042-Gld/Wht-14W,2
G,G1042-Gld/Wht-16,2
G,G1042-Gld/Wht-16W,2
G,G1042-Gld/Wht-18,1
G,G1042-Gld/Wht-18W,2
G,G1042-Gld/Wht-20W,3
G,G1042-Gld/Wht-22W,3
G,G1042-Gld/Wht-24W,3
G,G1042-White-10,0
G,G1042-White-12,2
G,G1042-White-14,3
G,G1042-White-14W,3
G,G1042-White-16,3
G,G1042-White-16W,3
G,G1042-White-18,3
G,G1042-White-18W,3
G,G1042-White-20W,3
G,G1042-White-22W,3
G,G1042-White-24W,3
G,G1044-HPk/Blk-10,0
G,G1044-HPk/Blk-12,0
G,G1044-HPk/Blk-14,0
G,G1044-HPk/Blk-14W,0
G,G1044-HPk/Blk-16,0
G,G1044-HPk/Blk-16W,0
G,G1044-HPk/Blk-18,0
G,G1044-HPk/Blk-18W,0
G,G1044-HPk/Blk-20W,0
G,G1044-HPk/Blk-22W,0
G,G1044-HPk/Blk-24W,0
G,G1044-Lim/Blk-10,0
G,G1044-Lim/Blk-12,0
G,G1044-Lim/Blk-14,0
G,G1044-Lim/Blk-14W,0
G,G1044-Lim/Blk-16,0
G,G1044-Lim/Blk-16W,0
G,G1044-Lim/Blk-18,0
G,G1044-Lim/Blk-18W,0
G,G1044-Lim/Blk-20W,0
G,G1044-Lim/Blk-22W,0
G,G1044-Lim/Blk-24W,0
G,G1044-Ryl/Blk-10,0
G,G1044-Ryl/Blk-12,0
G,G1044-Ryl/Blk-14,0
G,G1044-Ryl/Blk-14W,0
G,G1044-Ryl/Blk-16,0
G,G1044-Ryl/Blk-16W,0
G,G1044-Ryl/Blk-18,0
G,G1044-Ryl/Blk-18W,0
G,G1044-Ryl/Blk-20W,0
G,G1044-Ryl/Blk-22W,0
G,G1044-Ryl/Blk-24W,0
G,G1046-Purple-10,1
G,G1046-Purple-12,0
G,G1046-Purple-14,0
G,G1046-Purple-16,2
G,G1046-Purple-18,2
G,G1046-Turq-10,0
G,G1046-Turq-12,0
G,G1046-Turq-14,2
G,G1046-Turq-16,2
G,G1046-Turq-18,2
G,G1046-White-10,2
G,G1046-White-12,1
G,G1046-White-14,2
G,G1046-White-16,2
G,G1046-White-18,2
G,G1046W-Purple-14W,2
G,G1046W-Purple-16W,2
G,G1046W-Purple-18W,2
G,G1046W-Purple-20W,2
G,G1046W-Purple-22W,2
G,G1046W-Purple-24W,2
G,G1046W-Turq-14W,2
G,G1046W-Turq-16W,2
G,G1046W-Turq-18W,2
G,G1046W-Turq-20W,2
G,G1046W-Turq-22W,2
G,G1046W-Turq-24W,2
G,G1046W-White-14W,0
G,G1046W-White-16W,1
G,G1046W-White-18W,0
G,G1046W-White-20W,2
G,G1046W-White-22W,0
G,G1046W-White-24W,0
G,G1047-Emerald-14,2
G,G1047-Emerald-16,2
G,G1047-Emerald-18,2
G,G1047-Ice Blue-10,2
G,G1047-Ice Blue-12,2
G,G1047-Ice Blue-14,2
G,G1047-Ice Blue-16,2
G,G1047-Ice Blue-18,2
G,G1047-Ice Blue-8,2
G,G1047-Pink-10,2
G,G1047-Pink-12,2
G,G1047-Pink-14,2
G,G1047-Pink-16,2
G,G1047-Pink-18,2
G,G1047-Pink-8,2
G,G1047-White-10,2
G,G1047-White-12,2
G,G1047-White-14,2
G,G1047-White-16,2
G,G1047-White-18,2
G,G1047-White-8,2
G,G1047W-Emerald-14W,2
G,G1047W-Emerald-16W,2
G,G1047W-Emerald-18W,2
G,G1047W-Emerald-20W,1
G,G1047W-Emerald-22W,1
G,G1047W-Emerald-24W,2
G,G1047W-Ice Blue-14W,2
G,G1047W-Ice Blue-16W,2
G,G1047W-Ice Blue-18W,2
G,G1047W-Ice Blue-20W,2
G,G1047W-Ice Blue-22W,2
G,G1047W-Ice Blue-24W,2
G,G1047W-Pink-14W,2
G,G1047W-Pink-16W,2
G,G1047W-Pink-18W,2
G,G1047W-Pink-20W,2
G,G1047W-Pink-22W,2
G,G1047W-Pink-24W,2
G,G1047W-White-14W,2
G,G1047W-White-16W,2
G,G1047W-White-18W,2
G,G1047W-White-20W,2
G,G1047W-White-22W,2
G,G1047W-White-24W,2
G,G1048-Lemon Yel-10,2
G,G1048-Lemon Yel-12,2
G,G1048-Lemon Yel-14,2
G,G1048-Lemon Yel-16,2
G,G1048-Lemon Yel-18,2
G,G1048-Rose Pink-10,2
G,G1048-Rose Pink-12,2
G,G1048-Rose Pink-14,2
G,G1048-Rose Pink-16,2
G,G1048-Rose Pink-18,2
G,G1048-White-10,1
G,G1048-White-12,2
G,G1048-White-14,2
G,G1048-White-16,2
G,G1048-White-18,2
G,G1048W-Lemon Yel-14W,2
G,G1048W-Lemon Yel-16W,2
G,G1048W-Lemon Yel-18W,2
G,G1048W-Lemon Yel-20W,2
G,G1048W-Lemon Yel-22W,2
G,G1048W-Lemon Yel-24W,2
G,G1048W-Rose Pink-14W,2
G,G1048W-Rose Pink-16W,2
G,G1048W-Rose Pink-18W,2
G,G1048W-Rose Pink-20W,2
G,G1048W-Rose Pink-22W,2
G,G1048W-Rose Pink-24W,2
G,G1048W-White-14W,2
G,G1048W-White-16W,2
G,G1048W-White-18W,2
G,G1048W-White-20W,2
G,G1048W-White-22W,2
G,G1048W-White-24W,2
G,G1049-Rose Pink-10,2
G,G1049-Rose Pink-12,2
G,G1049-Rose Pink-14,2
G,G1049-Rose Pink-16,2
G,G1049-Rose Pink-18,2
G,G1049-Rose Pink-8,2
G,G1049-White-10,2
G,G1049-White-12,2
G,G1049-White-14,2
G,G1049-White-16,2
G,G1049-White-18,2
G,G1049-White-8,2
G,G1049W-Rose Pink-14W,2
G,G1049W-Rose Pink-16W,2
G,G1049W-Rose Pink-18W,2
G,G1049W-Rose Pink-20W,2
G,G1049W-Rose Pink-22W,2
G,G1049W-Rose Pink-24W,2
G,G1049W-Rose Pink-26W,2
G,G1049W-White-14W,2
G,G1049W-White-16W,2
G,G1049W-White-18W,2
G,G1049W-White-20W,2
G,G1049W-White-22W,2
G,G1049W-White-24W,2
G,G1049W-White-26W,2
G,G1051-Green-10,0
G,G1051-Green-12,0
G,G1051-Green-14,0
G,G1051-Green-16,0
G,G1051-Green-18,0
G,G1051W-Green-14W,2
G,G1051W-Green-16W,2
G,G1051W-Green-18W,2
G,G1051W-Green-20W,2
G,G1051W-Green-22W,2
G,G1051W-Green-24W,2
G,G1051W-Green-26W,2
G,G1052-Champ-10,2
G,G1052-Champ-12,2
G,G1052-Champ-14,2
G,G1052-Champ-16,2
G,G1052-Champ-18,2
G,G1052W-Champ-14W,2
G,G1052W-Champ-16W,2
G,G1052W-Champ-18W,2
G,G1052W-Champ-20W,2
G,G1052W-Champ-22W,2
G,G1052W-Champ-24W,2
G,G1052W-Champ-26W,2
G,G1053-Navy/wht-10,2
G,G1053-Navy/wht-12,2
G,G1053-Navy/wht-14,2
G,G1053-Navy/wht-16,2
G,G1053-Navy/wht-18,2
G,G1053W-Navy/wht-14W,2
G,G1053W-Navy/wht-16W,2
G,G1053W-Navy/wht-18W,2
G,G1053W-Navy/wht-20W,2
G,G1053W-Navy/wht-22W,2
G,G1053W-Navy/wht-24W,2
G,G1060-Lavender-14,2
G,G1060-Lavender-16,2
G,G1060-Lavender-8,2
G,G1060-OffWhite-10,2
G,G1060-OffWhite-12,2
G,G1060-OffWhite-14,2
G,G1060-OffWhite-16,2
G,G1060-OffWhite-18,2
G,G1060-OffWhite-8,2
G,G1060W-Lavender-14W,2
G,G1060W-Lavender-16W,2
G,G1060W-Lavender-18W,2
G,G1060W-Lavender-22W,2
G,G1060W-Lavender-24W,2
G,G1060W-OffWhite-14W,2
G,G1060W-OffWhite-16W,2
G,G1060W-OffWhite-18W,2
G,G1060W-OffWhite-20W,2
G,G1060W-OffWhite-22W,2
G,G1060W-OffWhite-24W,2
G,G1061-Blue-10,2
G,G1061-Blue-12,2
G,G1061-Blue-14,2
G,G1061-Blue-16,2
G,G1061-Blue-18,2
G,G1061-Blue-8,2
G,G1061-Silver-10,2
G,G1061-Silver-12,2
G,G1061-Silver-14,2
G,G1061-Silver-16,2
G,G1061-Silver-18,2
G,G1061-Silver-8,2
G,G1061W-Blue-14W,2
G,G1061W-Blue-16W,2
G,G1061W-Blue-18W,2
G,G1061W-Blue-20W,2
G,G1061W-Blue-22W,2
G,G1061W-Blue-24W,2
G,G1061W-Silver-14W,2
G,G1061W-Silver-16W,2
G,G1061W-Silver-18W,2
G,G1061W-Silver-20W,2
G,G1061W-Silver-22W,2
G,G1061W-Silver-24W,2
G,G1062-Mustard-10,2
G,G1062-Mustard-12,2
G,G1062-Mustard-14,2
G,G1062-Mustard-16,2
G,G1062-Mustard-18,2
G,G1062W-Mustard-14W,2
G,G1062W-Mustard-16W,2
G,G1062W-Mustard-18W,2
G,G1062W-Mustard-20W,2
G,G1062W-Mustard-22W,2
G,G1062W-Mustard-24W,2
G,G1063-Ice Blue-10,2
G,G1063-Ice Blue-12,2
G,G1063-Ice Blue-14,2
G,G1063-Ice Blue-16,2
G,G1063-Ice Blue-18,2
G,G1063-Pink-10,2
G,G1063-Pink-12,2
G,G1063-Pink-14,2
G,G1063-Pink-16,2
G,G1063-Pink-18,2
G,G1063W-Ice Blue-14W,2
G,G1063W-Ice Blue-16W,2
G,G1063W-Ice Blue-18W,2
G,G1063W-Ice Blue-20W,2
G,G1063W-Ice Blue-22W,2
G,G1063W-Ice Blue-24W,2
G,G1063W-Pink-14W,2
G,G1063W-Pink-16W,2
G,G1063W-Pink-18W,2
G,G1063W-Pink-20W,2
G,G1063W-Pink-22W,2
G,G1063W-Pink-24W,2
H,H0723-Black,0
H,H0723-White,0
H,H0812/13-Black,0
H,H0812/13-Red,0
H,H0829-Navy/wht,0
H,H0832/35-Lavender,0
H,H0832/35-P. Green,0
H,H0843-Brt Yellow,0
H,H0847-Champagne,0
H,H0852-Pink/Black,0
H,H0861-Navy,0
H,H0861-White,0
H,HD1454-Silver,0
H,HD1468/69-Gold/blk,0
H,HD1468/69-Red/blk,0
H,HD1468/69-White,0
H,HG0810/22-Navy/Wht,0
H,HG0810/22-Wht/Blue,0
H,HG0810/22-Wht/Lime,0
H,HG0810/22-Wht/Pink,0
H,HG1023/24 White/Pink,0
H,HG1029/30-Blue,0
H,HG1029/30-Offwht,0
H,HG1029/30-Peach,0
H,HG1032-Blk/sil,1
H,HG1037/39-Emrd/Wht,0
H,HG1037/39-Gold/Wht,0
H,HG1040-Peacock,2
H,HG1040-Violet,2
H,HM935-Black,0
H,HM935-Champ,0
H,HM935-Navy,0
H,HM935-Silver,0
H,HM935-White,0
H,HM935B-Black,0
H,HM935B-Navy,0
H,HM935B-White,0
H,HM936-Black,0
H,HM936-Cranberry,0
H,HM936-Purple,0
H,HM944-Black,0
H,HM944-Champagne,0
H,HM944-Ice Blue,0
H,HM944-White,0
H,HM947-Black,0
H,HM947-Soft Pink,0
H,HM947-White,0
H,HM948-Black,0
H,HM948-Champ,2
H,HM948-Lilac,3
H,HM948-Navy,2
H,HM948-Pastel Green,3
H,HM948-Pink,2
H,HM948-White,2
H,HM951-Black,3
H,HM951-Champ,3
H,HM951-Lavender,0
H,HM951-White,0
H,HM951-White/blue,0
H,HM951-White/navy,3
H,HM951-White/pink,0
H,HM952,0
H,HM952-Black,0
H,HM952-Ice Blue,0
H,HM952-Lilac,0
H,HM952-Pink,0
H,HM952-White,0
H,HM952-Yellow,0
H,HM953-Red,0
H,HM953-Rose,3
H,HM953-Sapphire,3
H,HM953-Silver,0
H,HM953-White,0
H,HM954-Black,0
H,HM954-Ice Blue,3
H,HM954-Pink,3
H,HM954-White,0
H,HM956-Black,3
H,HM956-Peacock,3
H,HM956-White,1
H,HM957-Purple,2
H,HM957-Red,3
H,HM957-Sapphire,3
H,HM957-White,3
H,HM958-Blue,5
H,HM958-Peacock,5
H,HM958-Pink,5
H,HM959-Animal,4
H,HM960-Black,3
H,HM960-Blue,3
H,HM960-Mauve,3
H,HM960-Pink,3
H,HM960-White,3
H,HM961-Lavender,3
H,HM961-Navy,3
H,HM961-Yellow,3
H,HM962-Lime Yellow,3
H,HM962-Rose Pink,3
H,HM962-White,3
H,HM964-Lime,5
H,HM964-White,5
H,HR1020-Blk,5
H,HR1020-Pur,2
H,HR1020-Red,0
H,HR1020-Sil,1
H,HR1020-Wht,5
H,HR1030-Blk,2
H,HR1030-Choco,0
H,HR1030-Fuchsia,0
H,HR1030-Navy,5
H,HR1030-Ryl,0
H,HR1030-White,0
H,HR1031-Black,0
H,HR1031-Champ,0
H,HR1031-Chocolate,0
H,HR1031-Green,1
H,HR1031-Purple,0
H,HR1031-Royal,0
H,HR1031-Silver,3
H,HR1031-Turq,2
H,HR1031-White,3
H,HR1031-Wine,0
H,HR1035-Black,0
H,HR1035-Chocolate,0
H,HR1035-Purple,0
H,HR1035-Red,0
H,HR1035-Royal,0
H,HR1035-White,0
H,HR1036-Black,0
H,HR1036-Chocolate,0
H,HR1036-Purple,0
H,HR1036-Silver,0
H,HR1037-Black,0
H,HR1037-Champ,0
H,HR1037-Navy,0
H,HR1037-Red,0
H,HR1037-Silver,0
H,HR1037-White,0
H,HR1038-Black/White,0
H,HR1038-Cham/Choco,3
H,HR1038-Sil/Dk. Sil,3
H,HR1038-White/Black,5
H,HR1039-Black,0
H,HR1039-IceBlue,0
H,HR1039-Ivory,0
H,HR1039-Pink,0
H,HR1039-Purple,0
H,HR1039-Red,0
H,HR1039-Royal,0
H,HR1039-White,3
H,HR1040-Emerald-wht,0
H,HR1040-Navy-wht,0
H,HR1041-Blk/wht,0
H,HR1041-Emer/gold,0
H,HR1042-Emer/pink,0
H,HR1043-Black,0
H,HR1043-Ice Blue,0
H,HR1043-White,0
H,HR1044-Blk/gold,0
H,HR1044-Blk/orgred,0
H,HR1045-Hot Pink,0
H,HR1045-Ice Blue,0
H,HR1045-Ivory,0
H,HR1047-Fuchsia,0
H,HR1048-Blue,0
H,HR1051-Wht/blue,0
H,HR1051-Wht/gold,0
H,HR1052-Black/wht,5
K,K4001-Black-10,0
K,K4001-Black-12,0
K,K4001-Black-14,0
K,K4001-Black-16,0
K,K4001-Black-18,0
K,K4001-Cinn-10,0
K,K4001-Cinn-12,0
K,K4001-Cinn-14,0
K,K4001-Cinn-16,0
K,K4001-Cinn-18,0
K,K4001-Gold-10,0
K,K4001-Gold-12,0
K,K4001-Gold-14,0
K,K4001-Gold-16,0
K,K4001-Gold-18,0
K,K4001-White-10,0
K,K4001-White-12,0
K,K4001-White-14,0
K,K4001-White-16,0
K,K4001-White-18,0
K,K4001W-Black-14W,0
K,K4001W-Black-16W,0
K,K4001W-Black-18W,0
K,K4001W-Black-20W,0
K,K4001W-Black-22W,0
K,K4001W-Black-24W,0
K,K4001W-Black-24Wvoid,0
K,K4001W-Black-26W,0
K,K4001W-Cinn-24Wvoid,0
K,K4001W-Cinnamon-14W,0
K,K4001W-Cinnamon-16W,0
K,K4001W-Cinnamon-18W,0
K,K4001W-Cinnamon-20W,0
K,K4001W-Cinnamon-22W,0
K,K4001W-Cinnamon-24W,0
K,K4001W-Gold-14W,0
K,K4001W-Gold-16W,0
K,K4001W-Gold-18W,0
K,K4001W-Gold-20W,0
K,K4001W-Gold-22W,0
K,K4001W-Gold-24W,0
K,K4001W-Gold-26W,0
K,K4001W-White-24Wvoid,0
K,K4002-AGrn-10,0
K,K4002-AGrn-12,0
K,K4002-AGrn-14,0
K,K4002-AGrn-16,0
K,K4002-AGrn-18,0
K,K4002-Black-10,0
K,K4002-Black-12,0
K,K4002-Black-14,0
K,K4002-Black-16,0
K,K4002-Black-18,0
K,K4002-Orng-10,0
K,K4002-Orng-12,0
K,K4002-Orng-14,0
K,K4002-Orng-16,0
K,K4002-Orng-18,0
K,K4002-Red-10,0
K,K4002-Red-12,0
K,K4002-Red-14,0
K,K4002-Red-16,0
K,K4002-Red-18,0
K,K4002W-AGrn-14W,0
K,K4002W-AGrn-16W,0
K,K4002W-AGrn-18W,0
K,K4002W-AGrn-20W,0
K,K4002W-AGrn-22W,0
K,K4002W-AGrn-24W,0
K,K4002W-Black-14W,0
K,K4002W-Black-16W,0
K,K4002W-Black-18W,0
K,K4002W-Black-20W,0
K,K4002W-Black-22W,0
K,K4002W-Black-24W,0
K,K4002W-Orange-14W,0
K,K4002W-Orange-16W,0
K,K4002W-Orange-18W,0
K,K4002W-Orange-20W,0
K,K4002W-Orange-22W,0
K,K4002W-Orange-24W,0
K,K4002W-Red-14W,0
K,K4002W-Red-16W,0
K,K4002W-Red-18W,0
K,K4002W-Red-20W,0
K,K4002W-Red-22W,0
K,K4002W-Red-24W,0
K,K4003-Blk/Gn-10,0
K,K4003-Blk/Gn-12,0
K,K4003-Blk/Gn-14,0
K,K4003-Blk/Gn-16,0
K,K4003-Blk/Gn-18,0
K,K4003-Nv/Wt-10,0
K,K4003-Nv/Wt-12,0
K,K4003-Nv/Wt-14,0
K,K4003-Nv/Wt-16,0
K,K4003-Nv/Wt-18,0
K,K4003-Rd/Bk-10,0
K,K4003-Rd/Bk-12,0
K,K4003-Rd/Bk-14,0
K,K4003-Rd/Bk-16,0
K,K4003-Rd/Bk-18,0
K,K4003W-Blk/Grn-14W,0
K,K4003W-Blk/Grn-16W,0
K,K4003W-Blk/Grn-18W,0
K,K4003W-Blk/Grn-20W,0
K,K4003W-Blk/Grn-22W,0
K,K4003W-Blk/Grn-24W,0
K,K4003W-Nvy/Wht-14W,0
K,K4003W-Nvy/Wht-16W,0
K,K4003W-Nvy/Wht-18W,0
K,K4003W-Nvy/Wht-20W,0
K,K4003W-Nvy/Wht-22W,0
K,K4003W-Nvy/Wht-24W,0
K,K4003W-Red/Blk-14W,0
K,K4003W-Red/Blk-16W,0
K,K4003W-Red/Blk-18W,0
K,K4003W-Red/Blk-20W,0
K,K4003W-Red/Blk-22W,0
K,K4003W-Red/Blk-24W,0
K,K4004-Cinn-10,0
K,K4004-Cinn-12,0
K,K4004-Cinn-14,0
K,K4004-Cinn-16,0
K,K4004-Cinn-18,0
K,K4004-Navy-10,0
K,K4004-Navy-12,0
K,K4004-Navy-14,0
K,K4004-Navy-16,0
K,K4004-Navy-18,0
K,K4004-Turquoise-10,0
K,K4004-Turquoise-12,0
K,K4004-Turquoise-14,0
K,K4004-Turquoise-16,0
K,K4004-Turquoise-18,0
K,K4004-White-10,0
K,K4004-White-12,0
K,K4004-White-14,0
K,K4004-White-16,0
K,K4004-White-18,0
K,K4004W-Cinna-14W,0
K,K4004W-Cinna-16W,0
K,K4004W-Cinna-18W,0
K,K4004W-Cinna-20W,0
K,K4004W-Cinna-22W,0
K,K4004W-Cinna-24W,0
K,K4004W-Cinna-26W,0
K,K4004W-Navy-14W,0
K,K4004W-Navy-16W,0
K,K4004W-Navy-18W,0
K,K4004W-Navy-20W,0
K,K4004W-Navy-22W,0
K,K4004W-Navy-24W,0
K,K4004W-Navy-26W,0
K,K4004W-Turq-14W,0
K,K4004W-Turq-16W,0
K,K4004W-Turq-18W,0
K,K4004W-Turq-20W,0
K,K4004W-Turq-22W,0
K,K4004W-Turq-24W,0
K,K4004W-Turq-26W,0
K,K4004W-White-14W,0
K,K4004W-White-16W,0
K,K4004W-White-18W,0
K,K4004W-White-20W,0
K,K4004W-White-22W,0
K,K4004W-White-24W,0
K,K4004W-White-26W,0
K,K4005-AG/B-10,0
K,K4005-AG/B-12,0
K,K4005-AG/B-14,0
K,K4005-AG/B-16,0
K,K4005-AG/B-18,0
K,K4005-Blk/Wht-10,0
K,K4005-Blk/Wht-12,0
K,K4005-Blk/Wht-14,0
K,K4005-Blk/Wht-16,0
K,K4005-Blk/Wht-18,0
K,K4005-Red/Blk-10,0
K,K4005-Red/Blk-12,0
K,K4005-Red/Blk-14,0
K,K4005-Red/Blk-16,0
K,K4005-Red/Blk-18,0
K,K4005W-AGrn/Blk-14W,0
K,K4005W-AGrn/Blk-16W,0
K,K4005W-AGrn/Blk-18W,0
K,K4005W-AGrn/Blk-20W,0
K,K4005W-AGrn/Blk-22W,0
K,K4005W-AGrn/Blk-24W,0
K,K4005W-Blk/Wht-14W,0
K,K4005W-Blk/Wht-16W,0
K,K4005W-Blk/Wht-18W,0
K,K4005W-Blk/Wht-20W,0
K,K4005W-Blk/Wht-22W,0
K,K4005W-Red/Blk-14W,0
K,K4005W-Red/Blk-16W,0
K,K4005W-Red/Blk-18W,0
K,K4005W-Red/Blk-20W,0
K,K4005W-Red/Blk-22W,0
K,K4006-Red-10,0
K,K4006-Red-12,0
K,K4006-Red-14,0
K,K4006-Red-16,0
K,K4006-Red-18,0
K,K4006-Turquoise-10,0
K,K4006-Turquoise-12,0
K,K4006-Turquoise-14,0
K,K4006-Turquoise-16,0
K,K4006-Turquoise-18,0
K,K4006W-Red-14W,0
K,K4006W-Red-16W,0
K,K4006W-Red-18W,0
K,K4006W-Red-20W,0
K,K4006W-Red-22W,0
K,K4006W-Red-24W,0
K,K4006W-Red-26W,0
K,K4006W-Turq-14W,0
K,K4006W-Turq-16W,0
K,K4006W-Turq-18W,0
K,K4006W-Turq-20W,0
K,K4006W-Turq-22W,0
K,K4006W-Turq-24W,0
K,K4006W-Turq-26W,0
K,K4007-Hnysckl-10,0
K,K4007-Hnysckl-12,0
K,K4007-Hnysckl-14,0
K,K4007-Hnysckl-16,0
K,K4007-Hnysckl-18,0
K,K4007-White-10,0
K,K4007-White-12,0
K,K4007-White-14,0
K,K4007-White-16,0
K,K4007-White-18,0
K,K4007W-Honey-16W,0
K,K4007W-Honey-18W,0
K,K4007W-Honey-20W,0
K,K4007W-Honey-22W,0
K,K4007W-Honey-24W,0
K,K4007W-Honey-26W,0
K,K4007W-White-16W,0
K,K4007W-White-18W,0
K,K4007W-White-20W,0
K,K4007W-White-22W,0
K,K4007W-White-24W,0
K,K4007W-White-26W,0
K,K4009-Gold-10,0
K,K4009-Gold-12,0
K,K4009-Gold-14,0
K,K4009-Gold-16,0
K,K4009-Gold-18,0
K,K4009-Hnysckl-10,0
K,K4009-Hnysckl-12,0
K,K4009-Hnysckl-14,0
K,K4009-Hnysckl-16,0
K,K4009-Hnysckl-18,0
K,K4009-White-10,0
K,K4009-White-12,0
K,K4009-White-14,0
K,K4009-White-16,0
K,K4009-White-18,0
K,K4009W-Gold-16W,0
K,K4009W-Gold-18W,0
K,K4009W-Gold-20W,0
K,K4009W-Gold-22W,0
K,K4009W-Gold-24W,0
K,K4009W-Gold-26W,0
K,K4009W-Hnyskl-16W,0
K,K4009W-Hnyskl-18W,0
K,K4009W-Hnyskl-20W,0
K,K4009W-Hnyskl-22W,0
K,K4009W-Hnyskl-24W,0
K,K4009W-Hnyskl-26W,0
K,K4009W-White-16W,0
K,K4009W-White-18W,0
K,K4009W-White-20W,0
K,K4009W-White-22W,0
K,K4009W-White-24W,0
K,K4009W-White-26W,0
K,K4010-Red/Black-10,0
K,K4010-Red/Black-12,0
K,K4010-Red/Black-14,0
K,K4010-Red/Black-16,0
K,K4010-Red/Black-18,0
K,K4010-Wht/Blk-10,0
K,K4010-Wht/Blk-12,0
K,K4010-Wht/Blk-14,0
K,K4010-Wht/Blk-16,0
K,K4010-Wht/Blk-18,0
K,K4010W-Red/Black-14W,0
K,K4010W-Red/Black-16W,0
K,K4010W-Red/Black-18W,0
K,K4010W-Red/Black-20W,0
K,K4010W-Red/Black-22W,0
K,K4010W-Red/Black-24W,0
K,K4010W-Wht/Blk-14W,0
K,K4010W-Wht/Blk-16W,0
K,K4010W-Wht/Blk-18W,0
K,K4010W-Wht/Blk-20W,0
K,K4010W-Wht/Blk-22W,0
K,K4010W-Wht/Blk-24W,0
K,K4012-Black-10,0
K,K4012-Black-12,0
K,K4012-Black-14,0
K,K4012-Black-16,0
K,K4012-Black-18,0
K,K4012-Purple-10,0
K,K4012-Purple-12,0
K,K4012-Purple-14,0
K,K4012-Purple-16,0
K,K4012-Purple-18,0
K,K4012-Red-10,0
K,K4012-Red-12,0
K,K4012-Red-14,0
K,K4012-Red-16,0
K,K4012-Red-18,0
K,K4012-Royal Blue-10,0
K,K4012-Royal Blue-12,0
K,K4012-Royal Blue-14,0
K,K4012-Royal Blue-16,0
K,K4012-Royal Blue-18,0
K,K4012W-Purple-14W,0
K,K4012W-Purple-16W,0
K,K4012W-Purple-18W,0
K,K4012W-Purple-20W,0
K,K4012W-Purple-22W,0
K,K4012W-Purple-24W,0
K,K4012W-Purple-26W,0
K,K4012W-Red-14W,0
K,K4012W-Red-16W,0
K,K4012W-Red-18W,0
K,K4012W-Red-20W,0
K,K4012W-Red-22W,0
K,K4012W-Red-24W,0
K,K4012W-Royal-14W,0
K,K4012W-Royal-16W,0
K,K4012W-Royal-18W,0
K,K4012W-Royal-20W,0
K,K4012W-Royal-22W,0
K,K4012W-Royal-24W,0
K,K4012W-Royal-26W,0
K,K4013-Black-10,0
K,K4013-Black-12,0
K,K4013-Black-14,0
K,K4013-Black-16,0
K,K4013-Black-18,0
K,K4013-Purple-10,0
K,K4013-Purple-12,0
K,K4013-Purple-14,0
K,K4013-Purple-16,0
K,K4013-Purple-18,0
K,K4013-Red-10,0
K,K4013-Red-12,0
K,K4013-Red-14,0
K,K4013-Red-16,0
K,K4013-Red-18,0
K,K4013-Royal-10,0
K,K4013-Royal-12,0
K,K4013-Royal-14,0
K,K4013-Royal-16,0
K,K4013-Royal-18,0
K,K4013W-Black-14W,0
K,K4013W-Black-16W,0
K,K4013W-Black-18W,0
K,K4013W-Black-20W,0
K,K4013W-Black-22W,0
K,K4013W-Black-24W,0
K,K4013W-Black-26W,0
K,K4013W-Blue-14W,0
K,K4013W-Blue-16W,0
K,K4013W-Blue-18W,0
K,K4013W-Blue-20W,0
K,K4013W-Blue-22W,0
K,K4013W-Blue-24W,0
K,K4013W-Blue-26W,0
K,K4013W-Purple-14W,0
K,K4013W-Purple-16W,0
K,K4013W-Purple-18W,0
K,K4013W-Purple-20W,0
K,K4013W-Purple-22W,0
K,K4013W-Purple-24W,0
K,K4013W-Purple-26W,0
K,K4013W-Red-14W,0
K,K4013W-Red-16W,0
K,K4013W-Red-18W,0
K,K4013W-Red-20W,0
K,K4013W-Red-22W,0
K,K4013W-Red-24W,0
K,K4013W-Red-26W,0
P,P1012-Green,3
P,P1012-Purple/Green,3
P,P1012-Purple/Silver,3
P,P1012-Red/blue/yel,5
P,P1012-Turq,3
S,S0301-Black-10,0
S,S0301-Black-12,0
S,S0301-Black-14,0
S,S0301-Black-16,0
S,S0301-Black-18,0
S,S0301-Black-8,0
S,S0301-Red-10,0
S,S0301-Red-12,0
S,S0301-Red-14,0
S,S0301-Red-16,0
S,S0301-Red-18,0
S,S0301-Red-8,0
S,S0301W-Black-14W,0
S,S0301W-Black-16W,5
S,S0301W-Black-18W,5
S,S0301W-Black-20W,0
S,S0301W-Black-22W,0
S,S0301W-Black-24W,0
S,S0301W-Black-26W,0
S,S0301W-Red-14W,0
S,S0301W-Red-16W,0
S,S0301W-Red-18W,0
S,S0301W-Red-20W,3
S,S0301W-Red-22W,0
S,S0301W-Red-24W,3
S,S0301W-Red-26W,0
S,S0710-Black-10,3
S,S0710-Black-12,0
S,S0710-Black-14,0
S,S0710-Black-16,0
S,S0710-Black-18,2
S,S0710-Black-8,0
S,S0710W-Black-14W,0
S,S0710W-Black-16W,0
S,S0710W-Black-18W,0
S,S0710W-Black-20W,0
S,S0710W-Black-22W,0
S,S0710W-Black-24W,0
S,S0710W-Black-26W,0
S,S0711-Black-10,2
S,S0711-Black-12,0
S,S0711-Black-14,0
S,S0711-Black-16,0
S,S0711-Black-18,0
S,S0711-Black-8,0
S,S0711W-Black-14W,0
S,S0711W-Black-16W,0
S,S0711W-Black-18W,0
S,S0711W-Black-20W,0
S,S0711W-Black-22W,0
S,S0711W-Black-24W,0
S,S0711W-Black-26W,1
S,S0711W-Red-14W,0
S,S0711W-Red-16W,1
S,S0711W-Red-18W,1
S,S0711W-Red-20W,0
S,S0711W-Red-22W,2
S,S0711W-Red-24W,2
S,S0711W-Red-26W,1
S,S0712-Black-10,3
S,S0712-Black-12,3
S,S0712-Black-14,3
S,S0712-Black-16,3
S,S0712-Black-18,3
S,S0712-Black-8,3
S,S0712-Navy-10,3
S,S0712-Navy-12,0
S,S0712-Navy-14,0
S,S0712-Navy-16,0
S,S0712-Navy-18,0
S,S0712-Navy-8,6
S,S0712-Red-10,0
S,S0712-Red-12,0
S,S0712-Red-14,0
S,S0712-Red-16,0
S,S0712-Red-18,0
S,S0712-Red-8,0
S,S0712B-Brick-12,0
S,S0712B-Brick-14,1
S,S0712B-Brick-16,0
S,S0712B-Brick-18,0
S,S0712B-Coffee-12,2
S,S0712B-Coffee-14,1
S,S0712B-Coffee-16,1
S,S0712B-Coffee-18,1
S,S0712B-Fuchsia-12,1
S,S0712B-Fuchsia-14,1
S,S0712B-Fuchsia-16,1
S,S0712B-Fuchsia-18,1
S,S0712B-Olive-12,0
S,S0712B-Olive-14,0
S,S0712B-Olive-16,0
S,S0712B-Olive-18,0
S,S0712B-Red-10,3
S,S0712B-Red-12,2
S,S0712B-Red-14,2
S,S0712B-Red-16,3
S,S0712B-Red-18,3
S,S0712C-Dk Coffee-12,2
S,S0712C-Dk Coffee-14,2
S,S0712C-Dk Coffee-16,2
S,S0712C-Dk Coffee-18,0
S,S0712C-Red-10,2
S,S0712C-Red-12,2
S,S0712C-Red-14,2
S,S0712C-Red-16,2
S,S0712C-Red-18,2
S,S0712C-Wtr Blue-12,2
S,S0712C-Wtr Blue-14,2
S,S0712C-Wtr Blue-16,2
S,S0712C-Wtr Blue-18,2
S,S0712CW-Red-16W,2
S,S0712CW-Red-18W,2
S,S0712CW-Red-20W,0
S,S0712CW-Red-22W,0
S,S0712W-Black-14W,0
S,S0712W-Black-16W,0
S,S0712W-Black-18W,0
S,S0712W-Black-20W,0
S,S0712W-Black-22W,0
S,S0712W-Black-24W,0
S,S0712W-Black-26W,0
S,S0712W-Navy-14W,0
S,S0712W-Navy-16W,0
S,S0712W-Navy-18W,0
S,S0712W-Navy-20W,0
S,S0712W-Navy-22W,2
S,S0712W-Navy-24W,0
S,S0712W-Navy-26W,2
S,S0712W-Red-16W,0
S,S0712W-Red-18W,0
S,S0712W-Red-20W,0
S,S0712W-Red-22W,0
S,S0712W-Red-24W,0
S,S0712W-Red-26W,0
S,S0713-Pink-10,0
S,S0713-Pink-12,0
S,S0713-Pink-14,0
S,S0713-Pink-16,0
S,S0713-Pink-18,0
S,S0713W-Pink-16W,0
S,S0713W-Pink-18W,0
S,S0713W-Pink-20W,0
S,S0713W-Pink-22W,0
S,S0714-Charcoal-10,0
S,S0714-Charcoal-12,0
S,S0714-Charcoal-14,0
S,S0714-Charcoal-16,0
S,S0714-Charcoal-18,0
S,S0714-Chocolate-10,2
S,S0714-Chocolate-12,0
S,S0714-Chocolate-14,5
S,S0714-Chocolate-16,0
S,S0714-Chocolate-18,5
S,S0714-Pink-10,2
S,S0714-Pink-12,0
S,S0714-Pink-14,0
S,S0714-Pink-16,5
S,S0714-Pink-18,0
S,S0714-Plum-10,0
S,S0714-Plum-12,0
S,S0714-Plum-14,0
S,S0714-Plum-16,0
S,S0714-Plum-18,0
S,S0714-Purple-10,0
S,S0714-Purple-12,0
S,S0714-Purple-14,0
S,S0714-Purple-16,0
S,S0714-Purple-18,0
S,S0714W-DkChoco-14W,0
S,S0714W-DkChoco-16W,2
S,S0714W-DkChoco-18W,0
S,S0714W-DkChoco-20W,0
S,S0714W-DkChoco-22W,2
S,S0714W-DkChoco-24W,2
S,S0714W-DkChoco-26W,2
S,S0714W-Pink-16W,2
S,S0714W-Pink-18W,5
S,S0714W-Pink-20W,4
S,S0714W-Pink-22W,3
S,S0714W-Pink-24W,2
