Supplier Sku,Quantity,Warehouse Name
HR1020-Blk,3,Waitex
HR1020-Pur,3,Waitex
HR1020-Sil,2,Waitex
HR1020-Wht,3,Waitex
HR1030-Blk,2,Waitex
HR1030-Navy,3,Waitex
HR1031-Champ,1,Waitex
HR1031-Green,3,Waitex
HR1031-Silver,3,Waitex
HR1031-Turq,3,Waitex
HR1031-White,3,Waitex
HR1036-Purple,1,Waitex
HR1038-Cham/Choco,3,Waitex
HR1038-Sil/Dk. Sil,3,Waitex
HR1038-White/Black,3,Waitex
HR1039-Pink,1,Waitex
HR1052-Black/wht,3,Waitex
HD1454-Silver,1,Waitex
HD1468/69-Gold/blk,3,Waitex
HG1040-Peacock,3,Waitex
HG1040-Violet,3,Waitex
HM944-Black,3,Waitex
HM944-Champagne,3,Waitex
HM944-White,3,Waitex
HM947-Black,1,Waitex
HM948-Champ,2,Waitex
HM948-Lilac,3,Waitex
HM948-Pastel Green,3,Waitex
HM951-Black,1,Waitex
HM951-White/blue,0,Waitex
HM951-White/navy,3,Waitex
HM953-Rose,3,Waitex
HM953-Sapphire,3,Waitex
HM953-Silver,1,Waitex
HM954-Black,1,Waitex
HM954-Ice Blue,2,Waitex
HM954-Pink,3,Waitex
HM956-Peacock,3,Waitex
HM957-Purple,3,Waitex
HM957-Red,3,Waitex
HM957-Sapphire,3,Waitex
HM958-Blue,3,Waitex
HM958-Peacock,3,Waitex
HM958-Pink,3,Waitex
HM959-Animal,3,Waitex
HM960-Black,3,Waitex
HM960-Blue,3,Waitex
HM960-Mauve,3,Waitex
HM960-Pink,3,Waitex
HM960-White,3,Waitex
HM961-Lavender,3,Waitex
HM961-Navy,3,Waitex
HM961-Yellow,3,Waitex
HM962-Rose Pink,3,Waitex
HM964-Lime,3,Waitex
HM964-White,3,Waitex
G1001-Black-10,2,Waitex
G1001-Black-12,0,Waitex
G1001-Black-14,0,Waitex
G1001-Black-16,0,Waitex
G1001-Black-18,2,Waitex
G1001-Silver-10,3,Waitex
G1001-Silver-12,2,Waitex
G1001-Silver-14,0,Waitex
G1001-Silver-16,0,Waitex
G1001-Silver-18,2,Waitex
G1001W-Black-14W,0,Waitex
G1001W-Black-16W,1,Waitex
G1001W-Black-18W,2,Waitex
G1001W-Black-20W,0,Waitex
G1001W-Black-22W,0,Waitex
G1001W-Black-24W,0,Waitex
G1001-White-10,1,Waitex
G1001-White-12,2,Waitex
G1001-White-14,0,Waitex
G1001-White-16,0,Waitex
G1001-White-18,0,Waitex
G1001W-Silver-14W,1,Waitex
G1001W-Silver-16W,1,Waitex
G1001W-Silver-18W,0,Waitex
G1001W-Silver-20W,2,Waitex
G1001W-Silver-22W,3,Waitex
G1001W-Silver-24W,1,Waitex
G1001W-Silver-26W,2,Waitex
G1001W-White-14W,3,Waitex
G1001W-White-16W,3,Waitex
G1001W-White-18W,2,Waitex
G1001W-White-20W,2,Waitex
G1001W-White-22W,3,Waitex
G1001W-White-24W,3,Waitex
G1001W-White-26W,0,Waitex
G1003W-Purple-14W,0,Waitex
G1003W-Purple-16W,0,Waitex
G1003W-Purple-18W,0,Waitex
G1003W-Purple-20W,0,Waitex
G1003W-Purple-22W,0,Waitex
G1003W-Purple-24W,1,Waitex
G1003W-Purple-26W,0,Waitex
G1007-Black-10,2,Waitex
G1007-Black-12,3,Waitex
G1007-Black-14,2,Waitex
G1007-Black-16,2,Waitex
G1007-Black-18,3,Waitex
G1007-Chocolate-10,3,Waitex
G1007-Chocolate-12,0,Waitex
G1007-Chocolate-14,1,Waitex
G1007-Chocolate-16,0,Waitex
G1007-Chocolate-18,0,Waitex
G1007-Red-10,0,Waitex
G1007-Red-12,2,Waitex
G1007-Red-14,0,Waitex
G1007-Red-16,0,Waitex
G1007-Red-18,0,Waitex
G1007W-Black-14W,3,Waitex
G1007W-Black-16W,3,Waitex
G1007W-Black-18W,3,Waitex
G1007W-Black-20W,3,Waitex
G1007W-Black-22W,3,Waitex
G1007W-Black-24W,2,Waitex
G1007W-Black-26W,3,Waitex
G1007W-Choco-14W,1,Waitex
G1007W-Choco-16W,0,Waitex
G1007W-Choco-18W,0,Waitex
G1007W-Choco-20W,0,Waitex
G1007W-Choco-22W,0,Waitex
G1007W-Choco-24W,2,Waitex
G1007W-Choco-26W,0,Waitex
G1007W-Emerald-14W,2,Waitex
G1007W-Emerald-16W,3,Waitex
G1007W-Emerald-18W,2,Waitex
G1007W-Emerald-20W,1,Waitex
G1007W-Emerald-22W,1,Waitex
G1007W-Emerald-24W,2,Waitex
G1007W-Red-14W,2,Waitex
G1007W-Red-16W,1,Waitex
G1007W-Red-18W,0,Waitex
G1007W-Red-20W,0,Waitex
G1007W-Red-22W,2,Waitex
G1007W-Red-24W,3,Waitex
G1007W-Red-26W,2,Waitex
G1007W-SPink-14W,0,Waitex
G1007W-SPink-16W,0,Waitex
G1007W-SPink-18W,0,Waitex
G1007W-SPink-20W,0,Waitex
G1007W-SPink-22W,0,Waitex
G1007W-SPink-24W,3,Waitex
G1007W-SPink-26W,1,Waitex
G1007W-White-14W,0,Waitex
G1007W-White-16W,0,Waitex
G1007W-White-18W,2,Waitex
G1007W-White-20W,0,Waitex
G1007W-White-22W,3,Waitex
G1007W-White-24W,2,Waitex
G1010-Ginger-10,1,Waitex
G1010-Ginger-12,0,Waitex
G1010-Ginger-14,0,Waitex
G1010-Ginger-16,0,Waitex
G1010-Ginger-18,0,Waitex
G1010-Purple-10,1,Waitex
G1010W-Black-14W,0,Waitex
G1010W-Black-16W,0,Waitex
G1010W-Black-18W,0,Waitex
G1010W-Black-20W,0,Waitex
G1010W-Black-22W,0,Waitex
G1010W-Black-24W,1,Waitex
G1010W-Black-26W,0,Waitex
G1018-Black-10,1,Waitex
G1018-Black-12,0,Waitex
G1018-Black-14,0,Waitex
G1018-Black-16,0,Waitex
G1018-Black-18,1,Waitex
G1018-Cran-10,0,Waitex
G1018-Cran-12,0,Waitex
G1018-Cran-14,0,Waitex
G1018-Cran-16,0,Waitex
G1018-Cran-18,2,Waitex
G1018-Ginger-10,0,Waitex
G1018-Ginger-12,2,Waitex
G1018-Ginger-14,0,Waitex
G1018-Ginger-16,0,Waitex
G1018-Ginger-18,2,Waitex
G1018-Purple-10,0,Waitex
G1018-Purple-12,0,Waitex
G1018-Purple-14,0,Waitex
G1018-Purple-16,0,Waitex
G1018-Purple-18,2,Waitex
G1018W-Black-14W,2,Waitex
G1018W-Black-16W,2,Waitex
G1018W-Black-18W,2,Waitex
G1018W-Black-20W,0,Waitex
G1018W-Black-22W,2,Waitex
G1018W-Black-24W,2,Waitex
G1018W-Black-26W,2,Waitex
G1018W-Cranberry-14W,0,Waitex
G1018W-Cranberry-16W,2,Waitex
G1018W-Cranberry-18W,1,Waitex
G1018W-Cranberry-20W,0,Waitex
G1018W-Cranberry-22W,3,Waitex
G1018W-Cranberry-24W,2,Waitex
G1018W-Cranberry-26W,2,Waitex
G1018W-Ginger-14W,3,Waitex
G1018W-Ginger-16W,3,Waitex
G1018W-Ginger-18W,2,Waitex
G1018W-Ginger-20W,2,Waitex
G1018W-Ginger-22W,3,Waitex
G1018W-Ginger-24W,3,Waitex
G1018W-Ginger-26W,2,Waitex
G1018-White-10,1,Waitex
G1018-White-12,0,Waitex
G1018-White-14,1,Waitex
G1018-White-16,1,Waitex
G1018-White-18,0,Waitex
G1018-White-8,0,Waitex
G1018W-Purple-16W,1,Waitex
G1018W-Purple-18W,0,Waitex
G1018W-Purple-20W,0,Waitex
G1018W-Purple-22W,0,Waitex
G1018W-Purple-24W,0,Waitex
G1018W-Purple-26W,0,Waitex
G1018W-Soft Pink-14W,0,Waitex
G1018W-Soft Pink-16W,0,Waitex
G1018W-Soft Pink-18W,0,Waitex
G1018W-Soft Pink-20W,0,Waitex
G1018W-Soft Pink-22W,3,Waitex
G1018W-Soft Pink-24W,3,Waitex
G1018W-Soft Pink-26W,2,Waitex
G1018W-Soft Pink-28W,2,Waitex
G1018W-White-14W,1,Waitex
G1018W-White-16W,1,Waitex
G1018W-White-18W,1,Waitex
G1018W-White-20W,1,Waitex
G1018W-White-22W,2,Waitex
G1018W-White-24W,3,Waitex
G1018W-White-26W,2,Waitex
G1018W-White-28W,2,Waitex
G1026-Champ-10,0,Waitex
G1026-Champ-12,0,Waitex
G1026-Champ-14,0,Waitex
G1026-Champ-16,0,Waitex
G1026-Champ-18,0,Waitex
G1026-Champ-8,2,Waitex
G1026-Red-10,2,Waitex
G1026-Red-12,0,Waitex
G1026-Red-14,0,Waitex
G1026-Red-16,0,Waitex
G1026-Red-18,0,Waitex
G1026-Red-8,2,Waitex
G1026W-Champagne-14W,0,Waitex
G1026W-Champagne-16W,2,Waitex
G1026W-Champagne-18W,2,Waitex
G1026W-Champagne-20W,2,Waitex
G1026W-Champagne-22W,2,Waitex
G1026W-Champagne-24W,2,Waitex
G1026W-Champagne-26W,0,Waitex
G1026-White-10,0,Waitex
G1026-White-12,0,Waitex
G1026-White-14,0,Waitex
G1026-White-16,0,Waitex
G1026-White-18,2,Waitex
G1026W-White-16W,2,Waitex
G1026W-White-18W,3,Waitex
G1026W-White-20W,2,Waitex
G1026W-White-22W,3,Waitex
G1026W-White-24W,3,Waitex
G1026W-White-26W,2,Waitex
G1032-Black/sil-10,0,Waitex
G1032-Black/sil-12,0,Waitex
G1032-Black/sil-14,0,Waitex
G1032-Black/sil-16,0,Waitex
G1032-Black/sil-18,1,Waitex
G1032W-Black/sil-16W,0,Waitex
G1032W-Black/sil-18W,0,Waitex
G1032W-Black/sil-20W,3,Waitex
G1032W-Black/sil-22W,3,Waitex
G1032W-Black/sil-24W,3,Waitex
G1032W-Black/sil-26W,2,Waitex
G1039-Blk/Wht-10,1,Waitex
G1039-Blk/Wht-12,0,Waitex
G1039-Blk/Wht-14,0,Waitex
G1039-Blk/Wht-14W,0,Waitex
G1039-Blk/Wht-16,0,Waitex
G1039-Blk/Wht-16W,2,Waitex
G1039-Blk/Wht-18,0,Waitex
G1039-Blk/Wht-18W,0,Waitex
G1039-Blk/Wht-20W,1,Waitex
G1039-Blk/Wht-22W,2,Waitex
G1039-Blk/Wht-24W,2,Waitex
G1039-Blk/Wht-26W,1,Waitex
G1039-Emr/Wht-10,2,Waitex
G1039-Emr/Wht-12,3,Waitex
G1039-Emr/Wht-14,2,Waitex
G1039-Emr/Wht-14W,2,Waitex
G1039-Emr/Wht-16,2,Waitex
G1039-Emr/Wht-16W,2,Waitex
G1039-Emr/Wht-18,3,Waitex
G1039-Emr/Wht-18W,2,Waitex
G1039-Emr/Wht-20W,3,Waitex
G1039-Emr/Wht-22W,3,Waitex
G1039-Emr/Wht-24W,3,Waitex
G1039-Emr/Wht-26W,2,Waitex
G1039-Gld/Wht-14W,0,Waitex
G1039-Gld/Wht-16W,0,Waitex
G1039-Gld/Wht-18W,0,Waitex
G1039-Gld/Wht-20W,2,Waitex
G1039-Gld/Wht-22W,2,Waitex
G1039-Gld/Wht-24W,2,Waitex
G1039-Gld/Wht-26W,0,Waitex
G1042-Emr/Wht-10,2,Waitex
G1042-Emr/Wht-12,2,Waitex
G1042-Emr/Wht-14,3,Waitex
G1042-Emr/Wht-14W,2,Waitex
G1042-Emr/Wht-16,3,Waitex
G1042-Emr/Wht-16W,3,Waitex
G1042-Emr/Wht-18,3,Waitex
G1042-Emr/Wht-18W,3,Waitex
G1042-Emr/Wht-20W,3,Waitex
G1042-Emr/Wht-22W,3,Waitex
G1042-Emr/Wht-24W,3,Waitex
G1042-Gld/Wht-10,2,Waitex
G1042-Gld/Wht-12,1,Waitex
G1042-Gld/Wht-14,2,Waitex
G1042-Gld/Wht-14W,0,Waitex
G1042-Gld/Wht-16,2,Waitex
G1042-Gld/Wht-16W,2,Waitex
G1042-Gld/Wht-18,1,Waitex
G1042-Gld/Wht-18W,2,Waitex
G1042-Gld/Wht-20W,2,Waitex
G1042-Gld/Wht-22W,2,Waitex
G1042-Gld/Wht-24W,3,Waitex
G1044-HPk/Blk-10,3,Waitex
G1044-HPk/Blk-12,2,Waitex
G1044-HPk/Blk-14,2,Waitex
G1044-HPk/Blk-16,3,Waitex
G1044-HPk/Blk-18,2,Waitex
G1044-Lim/Blk-10,3,Waitex
G1044-Lim/Blk-12,3,Waitex
G1044-Lim/Blk-14,3,Waitex
G1044-Lim/Blk-14W,2,Waitex
G1044-Lim/Blk-16,3,Waitex
G1044-Lim/Blk-16W,2,Waitex
G1044-Lim/Blk-18,3,Waitex
G1044-Lim/Blk-18W,3,Waitex
G1044-Lim/Blk-20W,3,Waitex
G1044-Lim/Blk-22W,2,Waitex
G1044-Lim/Blk-24W,2,Waitex
G1044-Ryl/Blk-10,2,Waitex
G1044-Ryl/Blk-12,2,Waitex
G1044-Ryl/Blk-14,2,Waitex
G1044-Ryl/Blk-14W,0,Waitex
G1044-Ryl/Blk-16,2,Waitex
G1044-Ryl/Blk-16W,0,Waitex
G1044-Ryl/Blk-18,2,Waitex
G1044-Ryl/Blk-18W,0,Waitex
G1044-Ryl/Blk-20W,0,Waitex
G1044-Ryl/Blk-22W,1,Waitex
G1044-Ryl/Blk-24W,1,Waitex
G1047-Emerald-14,0,Waitex
G1047-Emerald-16,2,Waitex
G1047-Emerald-18,2,Waitex
G1047-Ice Blue-10,2,Waitex
G1047-Ice Blue-12,2,Waitex
G1047-Ice Blue-14,2,Waitex
G1047-Ice Blue-16,3,Waitex
G1047-Ice Blue-18,2,Waitex
G1047-Ice Blue-8,0,Waitex
G1047-Pink-10,2,Waitex
G1047-Pink-12,3,Waitex
G1047-Pink-14,3,Waitex
G1047-Pink-16,3,Waitex
G1047-Pink-18,3,Waitex
G1047-Pink-8,1,Waitex
G1047W-Emerald-14W,1,Waitex
G1047W-Emerald-16W,3,Waitex
G1047W-Emerald-18W,3,Waitex
G1047W-Emerald-20W,2,Waitex
G1047W-Emerald-22W,2,Waitex
G1047W-Emerald-24W,2,Waitex
G1047-White-12,0,Waitex
G1047-White-14,1,Waitex
G1047-White-16,2,Waitex
G1047-White-18,3,Waitex
G1047-White-8,0,Waitex
G1047W-Ice Blue-14W,2,Waitex
G1047W-Ice Blue-16W,3,Waitex
G1047W-Ice Blue-18W,3,Waitex
G1047W-Ice Blue-20W,3,Waitex
G1047W-Ice Blue-22W,3,Waitex
G1047W-Ice Blue-24W,2,Waitex
G1047W-Pink-14W,3,Waitex
G1047W-Pink-16W,3,Waitex
G1047W-Pink-18W,3,Waitex
G1047W-Pink-20W,3,Waitex
G1047W-Pink-22W,3,Waitex
G1047W-Pink-24W,3,Waitex
G1047W-White-14W,2,Waitex
G1047W-White-16W,3,Waitex
G1047W-White-18W,3,Waitex
G1047W-White-20W,3,Waitex
G1047W-White-22W,2,Waitex
G1047W-White-24W,2,Waitex
G1048-Lemon Yel-10,2,Waitex
G1048-Lemon Yel-12,3,Waitex
G1048-Lemon Yel-14,3,Waitex
G1048-Lemon Yel-16,3,Waitex
G1048-Lemon Yel-18,3,Waitex
G1048-Rose Pink-10,3,Waitex
G1048-Rose Pink-12,3,Waitex
G1048-Rose Pink-14,2,Waitex
G1048-Rose Pink-16,3,Waitex
G1048-Rose Pink-18,3,Waitex
G1048-White-10,1,Waitex
G1048-White-12,2,Waitex
G1048-White-14,0,Waitex
G1048-White-16,0,Waitex
G1048-White-18,2,Waitex
G1048W-Lemon Yel-14W,3,Waitex
G1048W-Lemon Yel-16W,3,Waitex
G1048W-Lemon Yel-18W,3,Waitex
G1048W-Lemon Yel-20W,2,Waitex
G1048W-Lemon Yel-22W,3,Waitex
G1048W-Lemon Yel-24W,3,Waitex
G1048W-Rose Pink-14W,3,Waitex
G1048W-Rose Pink-16W,3,Waitex
G1048W-Rose Pink-18W,3,Waitex
G1048W-Rose Pink-20W,3,Waitex
G1048W-Rose Pink-22W,3,Waitex
G1048W-Rose Pink-24W,3,Waitex
G1048W-White-14W,0,Waitex
G1048W-White-16W,2,Waitex
G1048W-White-18W,1,Waitex
G1048W-White-20W,3,Waitex
G1048W-White-22W,3,Waitex
G1048W-White-24W,2,Waitex
G1049-Rose Pink-10,3,Waitex
G1049-Rose Pink-12,3,Waitex
G1049-Rose Pink-14,3,Waitex
G1049-Rose Pink-16,3,Waitex
G1049-Rose Pink-18,3,Waitex
G1049-Rose Pink-8,2,Waitex
G1049-White-10,3,Waitex
G1049-White-12,3,Waitex
G1049-White-14,3,Waitex
G1049-White-16,3,Waitex
G1049-White-18,3,Waitex
G1049-White-8,2,Waitex
G1049W-Rose Pink-14W,3,Waitex
G1049W-Rose Pink-16W,3,Waitex
G1049W-Rose Pink-18W,3,Waitex
G1049W-Rose Pink-20W,3,Waitex
G1049W-Rose Pink-22W,3,Waitex
G1049W-Rose Pink-24W,3,Waitex
G1049W-Rose Pink-26W,3,Waitex
G1049W-White-14W,3,Waitex
G1049W-White-16W,3,Waitex
G1049W-White-18W,3,Waitex
G1049W-White-20W,3,Waitex
G1049W-White-22W,3,Waitex
G1049W-White-24W,3,Waitex
G1049W-White-26W,3,Waitex
G1050-Peach-10,3,Waitex
G1050-Peach-12,3,Waitex
G1050-Peach-14,3,Waitex
G1050-Peach-16,3,Waitex
G1050-Peach-18,3,Waitex
G1050-White-10,3,Waitex
G1050-White-12,3,Waitex
G1050-White-14,3,Waitex
G1050-White-16,3,Waitex
G1050-White-18,3,Waitex
G1050W-Peach-14W,3,Waitex
G1050W-Peach-16W,3,Waitex
G1050W-Peach-18W,3,Waitex
G1050W-Peach-20W,3,Waitex
G1050W-Peach-22W,3,Waitex
G1050W-Peach-24W,3,Waitex
G1050W-Peach-26W,2,Waitex
G1050W-White-14W,3,Waitex
G1050W-White-16W,3,Waitex
G1050W-White-18W,3,Waitex
G1050W-White-20W,3,Waitex
G1050W-White-22W,3,Waitex
G1050W-White-24W,3,Waitex
G1050W-White-26W,3,Waitex
G1051W-Green-14W,0,Waitex
G1051W-Green-16W,0,Waitex
G1051W-Green-18W,0,Waitex
G1051W-Green-20W,0,Waitex
G1051W-Green-22W,0,Waitex
G1051W-Green-24W,2,Waitex
G1051W-Green-26W,1,Waitex
G1052W-Champ-14W,0,Waitex
G1052W-Champ-16W,0,Waitex
G1052W-Champ-18W,0,Waitex
G1052W-Champ-20W,0,Waitex
G1052W-Champ-22W,1,Waitex
G1052W-Champ-24W,2,Waitex
G1052W-Champ-26W,0,Waitex
G1053-Navy/wht-10,3,Waitex
G1053-Navy/wht-12,3,Waitex
G1053-Navy/wht-14,3,Waitex
G1053-Navy/wht-16,3,Waitex
G1053-Navy/wht-18,3,Waitex
G1053W-Navy/wht-14W,3,Waitex
G1053W-Navy/wht-16W,3,Waitex
G1053W-Navy/wht-18W,3,Waitex
G1053W-Navy/wht-20W,3,Waitex
G1053W-Navy/wht-22W,3,Waitex
G1053W-Navy/wht-24W,3,Waitex
G1055-Navy/Wht-10,3,Waitex
G1055-Navy/Wht-12,3,Waitex
G1055-Navy/Wht-14,3,Waitex
G1055-Navy/Wht-16,3,Waitex
G1055-Navy/Wht-18,3,Waitex
G1055-Navy/Wht-8,2,Waitex
G1055-Pur/Wht-10,3,Waitex
G1055-Pur/Wht-12,3,Waitex
G1055-Pur/Wht-14,3,Waitex
G1055-Pur/Wht-16,3,Waitex
G1055-Pur/Wht-18,3,Waitex
G1055W-Navy/Wht-14W,3,Waitex
G1055W-Navy/Wht-16W,3,Waitex
G1055W-Navy/Wht-18W,3,Waitex
G1055W-Navy/Wht-20W,3,Waitex
G1055W-Navy/Wht-22W,3,Waitex
G1055W-Navy/Wht-24W,3,Waitex
G1055W-Navy/Wht-26W,3,Waitex
G1055W-Pur/Wht-14W,3,Waitex
G1055W-Pur/Wht-16W,3,Waitex
G1055W-Pur/Wht-18W,3,Waitex
G1055W-Pur/Wht-20W,3,Waitex
G1055W-Pur/Wht-22W,3,Waitex
G1055W-Pur/Wht-24W,3,Waitex
G1055W-Pur/Wht-26W,3,Waitex
G1056-Navy/wht-10,3,Waitex
G1056-Navy/wht-12,3,Waitex
G1056-Navy/wht-14,3,Waitex
G1056-Navy/wht-16,3,Waitex
G1056-Navy/wht-18,3,Waitex
G1056-Navy/wht-8,2,Waitex
G1056-Purp/wht-10,3,Waitex
G1056-Purp/wht-12,3,Waitex
G1056-Purp/wht-14,3,Waitex
G1056-Purp/wht-16,3,Waitex
G1056-Purp/wht-18,3,Waitex
G1056W-Navy/wht-14W,3,Waitex
G1056W-Navy/wht-16W,3,Waitex
G1056W-Navy/wht-18W,3,Waitex
G1056W-Navy/wht-20W,3,Waitex
G1056W-Navy/wht-22W,3,Waitex
G1056W-Navy/wht-24W,3,Waitex
G1056W-Navy/wht-26W,3,Waitex
G1056W-Purp/wht-14W,3,Waitex
G1056W-Purp/wht-16W,3,Waitex
G1056W-Purp/wht-18W,3,Waitex
G1056W-Purp/wht-20W,3,Waitex
G1056W-Purp/wht-22W,3,Waitex
G1056W-Purp/wht-24W,3,Waitex
G1056W-Purp/wht-26W,3,Waitex
G1060-Lavender-10,2,Waitex
G1060-Lavender-12,3,Waitex
G1060-Lavender-14,3,Waitex
G1060-Lavender-16,3,Waitex
G1060-Lavender-18,3,Waitex
G1060-Lavender-8,2,Waitex
G1060-OffWhite-10,0,Waitex
G1060-OffWhite-12,2,Waitex
G1060-OffWhite-14,2,Waitex
G1060-OffWhite-16,1,Waitex
G1060-OffWhite-18,0,Waitex
G1060-OffWhite-8,1,Waitex
G1060W-Lavender-14W,2,Waitex
G1060W-Lavender-16W,2,Waitex
G1060W-Lavender-18W,0,Waitex
G1060W-Lavender-20W,2,Waitex
G1060W-Lavender-22W,2,Waitex
G1060W-Lavender-24W,2,Waitex
G1060W-OffWhite-14W,3,Waitex
G1060W-OffWhite-16W,3,Waitex
G1060W-OffWhite-18W,3,Waitex
G1060W-OffWhite-20W,2,Waitex
G1060W-OffWhite-22W,3,Waitex
G1060W-OffWhite-24W,2,Waitex
G1062W-Mustard-14W,2,Waitex
G1062W-Mustard-16W,2,Waitex
G1062W-Mustard-18W,2,Waitex
G1062W-Mustard-20W,2,Waitex
G1062W-Mustard-22W,3,Waitex
G1062W-Mustard-24W,2,Waitex
G1063-Ice Blue-10,2,Waitex
G1063-Ice Blue-12,2,Waitex
G1063-Ice Blue-14,3,Waitex
G1063-Ice Blue-16,3,Waitex
G1063-Ice Blue-18,3,Waitex
G1063-Pink-10,2,Waitex
G1063-Pink-12,3,Waitex
G1063-Pink-14,3,Waitex
G1063-Pink-16,3,Waitex
G1063-Pink-18,3,Waitex
G1063W-Ice Blue-14W,3,Waitex
G1063W-Ice Blue-16W,3,Waitex
G1063W-Ice Blue-18W,3,Waitex
G1063W-Ice Blue-20W,3,Waitex
G1063W-Ice Blue-22W,3,Waitex
G1063W-Ice Blue-24W,3,Waitex
G1063W-Pink-14W,3,Waitex
G1063W-Pink-16W,3,Waitex
G1063W-Pink-18W,3,Waitex
G1063W-Pink-20W,3,Waitex
G1063W-Pink-22W,3,Waitex
G1063W-Pink-24W,3,Waitex
S0301W-Black-14W,0,Waitex
S0301W-Black-16W,3,Waitex
S0301W-Black-18W,3,Waitex
S0301W-Black-20W,0,Waitex
S0301W-Black-22W,0,Waitex
S0301W-Black-24W,0,Waitex
S0301W-Black-26W,0,Waitex
S0301W-Red-14W,0,Waitex
S0301W-Red-16W,2,Waitex
S0301W-Red-18W,1,Waitex
S0301W-Red-20W,2,Waitex
S0301W-Red-22W,2,Waitex
S0301W-Red-24W,3,Waitex
S0301W-Red-26W,1,Waitex
S0710-Black-10,2,Waitex
S0710-Black-12,0,Waitex
S0710-Black-14,0,Waitex
S0710-Black-16,0,Waitex
S0710-Black-18,1,Waitex
S0710-Black-8,0,Waitex
S0711-Black-10,2,Waitex
S0711-Black-12,0,Waitex
S0711-Black-14,0,Waitex
S0711-Black-16,0,Waitex
S0711-Black-18,0,Waitex
S0711-Black-8,0,Waitex
S0711W-Black-14W,0,Waitex
S0711W-Black-16W,0,Waitex
S0711W-Black-18W,0,Waitex
S0711W-Black-20W,0,Waitex
S0711W-Black-22W,0,Waitex
S0711W-Black-24W,0,Waitex
S0711W-Black-26W,1,Waitex
S0711W-Red-14W,0,Waitex
S0711W-Red-16W,2,Waitex
S0711W-Red-18W,1,Waitex
S0711W-Red-20W,0,Waitex
S0711W-Red-22W,2,Waitex
S0711W-Red-24W,2,Waitex
S0711W-Red-26W,1,Waitex
S0712B-Brick-12,1,Waitex
S0712B-Brick-14,2,Waitex
S0712B-Brick-16,0,Waitex
S0712B-Brick-18,1,Waitex
S0712B-Coffee-12,2,Waitex
S0712B-Coffee-14,2,Waitex
S0712B-Coffee-16,2,Waitex
S0712B-Coffee-18,2,Waitex
S0712B-Fuchsia-12,1,Waitex
S0712B-Fuchsia-14,2,Waitex
S0712B-Fuchsia-16,2,Waitex
S0712B-Fuchsia-18,2,Waitex
S0712B-Red-10,2,Waitex
S0712B-Red-12,3,Waitex
S0712B-Red-14,3,Waitex
S0712B-Red-16,3,Waitex
S0712B-Red-18,3,Waitex
S0712C-Dk Coffee-12,2,Waitex
S0712C-Dk Coffee-14,2,Waitex
S0712C-Dk Coffee-16,1,Waitex
S0712C-Dk Coffee-18,0,Waitex
S0712C-Red-10,2,Waitex
S0712C-Red-12,3,Waitex
S0712C-Red-14,3,Waitex
S0712C-Red-16,3,Waitex
S0712C-Red-18,3,Waitex
S0712CW-Red-16W,3,Waitex
S0712CW-Red-18W,2,Waitex
S0712CW-Red-20W,0,Waitex
S0712CW-Red-22W,0,Waitex
S0712C-Wtr Blue-12,2,Waitex
S0712C-Wtr Blue-14,2,Waitex
S0712C-Wtr Blue-16,2,Waitex
S0712C-Wtr Blue-18,2,Waitex
S0712-Navy-10,2,Waitex
S0712-Navy-12,0,Waitex
S0712-Navy-14,0,Waitex
S0712-Navy-16,0,Waitex
S0712-Navy-18,0,Waitex
S0712-Navy-8,3,Waitex
S0712W-BLK-14W,2,Waitex
S0712W-BLK-16W,3,Waitex
S0712W-BLK-18W,3,Waitex
S0712W-BLK-20W,3,Waitex
S0712W-BLK-22W,3,Waitex
S0712W-BLK-24W,3,Waitex
S0712W-BLK-26W,3,Waitex
S0712W-Navy-14W,0,Waitex
S0712W-Navy-16W,0,Waitex
S0712W-Navy-18W,0,Waitex
S0712W-Navy-20W,0,Waitex
S0712W-Navy-22W,2,Waitex
S0712W-Navy-24W,0,Waitex
S0712W-Navy-26W,2,Waitex
S0714-Chocolate-10,0,Waitex
S0714-Chocolate-12,0,Waitex
S0714-Chocolate-14,3,Waitex
S0714-Chocolate-16,0,Waitex
S0714-Chocolate-18,3,Waitex
S0714W-DkChoco-16W,0,Waitex
S0714W-DkChoco-18W,0,Waitex
S0714W-DkChoco-20W,0,Waitex
S0714W-DkChoco-22W,2,Waitex
S0714W-DkChoco-24W,0,Waitex
S0714W-DkChoco-26W,0,Waitex
D1325-DENIM DOT-1X,3,Waitex
D1325-DENIM DOT-2X,2,Waitex
D1325-DENIM DOT-L,3,Waitex
D1325-DENIM DOT-M,2,Waitex
D1325-DENIM DOT-XL,3,Waitex
D1335-Wht/blk-10,3,Waitex
D1335-Wht/blk-12,3,Waitex
D1335-Wht/blk-14,3,Waitex
D1335-Wht/blk-16,3,Waitex
D1335-Wht/blk-18,3,Waitex
D1335W-Wht/blk-14W,3,Waitex
D1335W-Wht/blk-16W,3,Waitex
D1335W-Wht/blk-18W,3,Waitex
D1335W-Wht/blk-20W,3,Waitex
D1335W-Wht/blk-22W,3,Waitex
D1335W-Wht/blk-24W,3,Waitex
D1335W-Wht/blk-26W,3,Waitex
D1336-Wht/blk-10,2,Waitex
D1336-Wht/blk-12,3,Waitex
D1336-Wht/blk-14,3,Waitex
D1336-Wht/blk-16,3,Waitex
D1336-Wht/blk-18,3,Waitex
D1336W-Wht/blk-14W,2,Waitex
D1336W-Wht/blk-16W,2,Waitex
D1336W-Wht/blk-18W,2,Waitex
D1336W-Wht/blk-20W,3,Waitex
D1336W-Wht/blk-22W,3,Waitex
D1336W-Wht/blk-24W,3,Waitex
D1336W-Wht/blk-26W,2,Waitex
D1337-Multi-10,3,Waitex
D1337-Multi-12,3,Waitex
D1337-Multi-14,3,Waitex
D1337-Multi-16,3,Waitex
D1337-Multi-18,3,Waitex
D1337W-Multi-14W,3,Waitex
D1337W-Multi-16W,3,Waitex
D1337W-Multi-18W,3,Waitex
D1337W-Multi-20W,3,Waitex
D1337W-Multi-22W,3,Waitex
D1337W-Multi-24W,3,Waitex
D1338-Black/wht-10,3,Waitex
D1338-Black/wht-12,3,Waitex
D1338-Black/wht-14,3,Waitex
D1338-Black/wht-16,3,Waitex
D1338-Black/wht-18,3,Waitex
D1338W-Black/wht-14W,3,Waitex
D1338W-Black/wht-16W,3,Waitex
D1338W-Black/wht-18W,3,Waitex
D1338W-Black/wht-20W,3,Waitex
D1338W-Black/wht-22W,3,Waitex
D1338W-Black/wht-24W,3,Waitex
D1338W-Black/wht-26W,3,Waitex
D1339-Gold/ryl-12,2,Waitex
D1339-Gold/ryl-14,3,Waitex
D1339-Gold/ryl-16,3,Waitex
D1339-Gold/ryl-18,3,Waitex
D1339W-Gold/ryl-14W,3,Waitex
D1339W-Gold/ryl-16W,3,Waitex
D1339W-Gold/ryl-18W,0,Waitex
D1339W-Gold/ryl-20W,3,Waitex
D1339W-Gold/ryl-22W,3,Waitex
D1339W-Gold/ryl-24W,3,Waitex
D1339W-Gold/ryl-26W,3,Waitex
D1340-Gld/rd/bk-12,3,Waitex
D1340-Gld/rd/bk-14,3,Waitex
D1340-Gld/rd/bk-16,3,Waitex
D1340-Gld/rd/bk-18,3,Waitex
D1340W-Gld/rd/bk-14W,3,Waitex
D1340W-Gld/rd/bk-16W,3,Waitex
D1340W-Gld/rd/bk-18W,3,Waitex
D1340W-Gld/rd/bk-20W,3,Waitex
D1340W-Gld/rd/bk-22W,3,Waitex
D1340W-Gld/rd/bk-24W,3,Waitex
D1340W-Gld/rd/bk-26W,3,Waitex
D1342-Wht/Ryl-10,2,Waitex
D1342-Wht/Ryl-12,0,Waitex
D1342-Wht/Ryl-14,0,Waitex
D1342-Wht/Ryl-16,0,Waitex
D1342-Wht/Ryl-18,2,Waitex
D1342W-Wht/Ryl-14W,2,Waitex
D1342W-Wht/Ryl-16W,2,Waitex
D1342W-Wht/Ryl-18W,3,Waitex
D1342W-Wht/Ryl-20W,2,Waitex
D1342W-Wht/Ryl-22W,3,Waitex
D1342W-Wht/Ryl-24W,3,Waitex
D1342W-Wht/Ryl-26W,2,Waitex
D1343-White-10,3,Waitex
D1343-White-12,3,Waitex
D1343-White-14,3,Waitex
D1343-White-16,3,Waitex
D1343-White-18,3,Waitex
D1343-White-8,2,Waitex
D1343W-White-14W,3,Waitex
D1343W-White-16W,3,Waitex
D1343W-White-18W,1,Waitex
D1343W-White-20W,3,Waitex
D1343W-White-22W,3,Waitex
D1343W-White-24W,3,Waitex
D1343W-White-26W,3,Waitex
D1343W-White-28W,3,Waitex
D1423B-Black-12,0,Waitex
D1423B-Black-14,2,Waitex
D1423B-Black-16,2,Waitex
D1423B-Black-18,2,Waitex
D1423B-Black-20,3,Waitex
D1423BW-Black-14W,0,Waitex
D1423BW-Black-16W,2,Waitex
D1423BW-Black-18W,2,Waitex
D1423BW-Black-20W,2,Waitex
D1423BW-Black-22W,3,Waitex
D1423BW-Black-24W,2,Waitex
D1423-DkSilver-10,2,Waitex
D1423-DkSilver-12,2,Waitex
D1423-DkSilver-14,0,Waitex
D1423-DkSilver-16,0,Waitex
D1423-DkSilver-18,0,Waitex
D1423W-DSilver-14W,0,Waitex
D1423W-DSilver-16W,0,Waitex
D1423W-DSilver-18W,0,Waitex
D1423W-DSilver-20W,0,Waitex
D1423W-DSilver-22W,0,Waitex
D1423W-DSilver-24W,2,Waitex
D1423W-DSilver-26W,0,Waitex
D1435-Black-10,3,Waitex
D1435-Black-12,3,Waitex
D1435-Black-14,3,Waitex
D1435-Black-16,3,Waitex
D1435-Black-18,3,Waitex
D1435-Black-8,2,Waitex
D1435-Lavender-10,2,Waitex
D1435-Lavender-12,0,Waitex
D1435-Lavender-14,0,Waitex
D1435-Lavender-16,2,Waitex
D1435-Lavender-18,0,Waitex
D1435-Purple-10,3,Waitex
D1435-Purple-12,3,Waitex
D1435-Purple-14,3,Waitex
D1435-Purple-16,3,Waitex
D1435-Purple-18,3,Waitex
D1435-Purple-8,2,Waitex
D1435-Sapphire-10,3,Waitex
D1435-Sapphire-12,3,Waitex
D1435-Sapphire-14,3,Waitex
D1435-Sapphire-16,3,Waitex
D1435-Sapphire-18,3,Waitex
D1435-Sapphire-8,2,Waitex
D1435W-Black-14W,3,Waitex
D1435W-Black-16W,3,Waitex
D1435W-Black-18W,3,Waitex
D1435W-Black-20W,3,Waitex
D1435W-Black-22W,3,Waitex
D1435W-Black-24W,3,Waitex
D1435W-Black-26W,3,Waitex
D1435-White-10,3,Waitex
D1435-White-12,3,Waitex
D1435-White-14,3,Waitex
D1435-White-16,3,Waitex
D1435-White-18,3,Waitex
D1435-White-8,2,Waitex
D1435W-Purple-14W,3,Waitex
D1435W-Purple-16W,3,Waitex
D1435W-Purple-18W,3,Waitex
D1435W-Purple-20W,3,Waitex
D1435W-Purple-22W,3,Waitex
D1435W-Purple-24W,3,Waitex
D1435W-Purple-26W,3,Waitex
D1435W-Sapphire-14W,3,Waitex
D1435W-Sapphire-16W,3,Waitex
D1435W-Sapphire-18W,3,Waitex
D1435W-Sapphire-20W,3,Waitex
D1435W-Sapphire-22W,0,Waitex
D1435W-Sapphire-24W,2,Waitex
D1435W-Sapphire-26W,3,Waitex
D1435W-White-14W,3,Waitex
D1435W-White-16W,3,Waitex
D1435W-White-18W,3,Waitex
D1435W-White-20W,3,Waitex
D1435W-White-22W,3,Waitex
D1435W-White-24W,3,Waitex
D1435W-White-26W,3,Waitex
D1444W-Black-14W,0,Waitex
D1444W-Black-16W,0,Waitex
D1444W-Black-18W,0,Waitex
D1444W-Black-20W,0,Waitex
D1444W-Black-22W,2,Waitex
D1444W-Black-24W,0,Waitex
D1444W-Black-26W,0,Waitex
D1446-Pink/Blk-10,2,Waitex
D1446-Pink/Blk-12,3,Waitex
D1446-Pink/Blk-14,2,Waitex
D1446-Pink/Blk-16,2,Waitex
D1446-Pink/Blk-18,3,Waitex
D1446-Pink/Blk-8,2,Waitex
D1446-Pur/Blk-10,0,Waitex
D1446-Pur/Blk-12,0,Waitex
D1446-Pur/Blk-14,2,Waitex
D1446-Pur/Blk-16,0,Waitex
D1446-Pur/Blk-18,2,Waitex
D1446-White/Blk-10,2,Waitex
D1446-White/Blk-12,2,Waitex
D1446-White/Blk-14,2,Waitex
D1446-White/Blk-16,1,Waitex
D1446-White/Blk-18,2,Waitex
D1446-White/Blk-8,1,Waitex
D1446W-Pink/Blk-14W,0,Waitex
D1446W-Pink/Blk-16W,0,Waitex
D1446W-Pink/Blk-18W,0,Waitex
D1446W-Pink/Blk-20W,1,Waitex
D1446W-Pink/Blk-22W,2,Waitex
D1446W-Pink/Blk-24W,0,Waitex
D1446W-Purp/Blk-14W,2,Waitex
D1446W-Purp/Blk-16W,2,Waitex
D1446W-Purp/Blk-18W,3,Waitex
D1446W-Purp/Blk-20W,3,Waitex
D1446W-Purp/Blk-22W,2,Waitex
D1446W-Purp/Blk-24W,3,Waitex
D1446W-Purp/Blk-26W,2,Waitex
D1450-Black-10,0,Waitex
D1450-Black-12,0,Waitex
D1450-Black-14,1,Waitex
D1450-Black-16,2,Waitex
D1450-Black-18,3,Waitex
D1450-Ivory-10,0,Waitex
D1450-Ivory-12,0,Waitex
D1450-Ivory-14,3,Waitex
D1450-Ivory-16,3,Waitex
D1450-Ivory-18,3,Waitex
D1450-Royal-10,0,Waitex
D1450-Royal-12,0,Waitex
D1450-Royal-14,0,Waitex
D1450-Royal-16,0,Waitex
D1450-Royal-18,3,Waitex
D1450W-Black-14W,1,Waitex
D1450W-Black-16W,3,Waitex
D1450W-Black-18W,3,Waitex
D1450W-Black-20W,2,Waitex
D1450W-Black-22W,3,Waitex
D1450W-Black-24W,3,Waitex
D1450W-Black-26W,2,Waitex
D1450W-Ivory-16W,3,Waitex
D1450W-Ivory-18W,3,Waitex
D1450W-Ivory-20W,3,Waitex
D1450W-Ivory-22W,3,Waitex
D1450W-Ivory-24W,3,Waitex
D1450W-Royal-14W,2,Waitex
D1450W-Royal-16W,3,Waitex
D1450W-Royal-18W,3,Waitex
D1450W-Royal-20W,2,Waitex
D1450W-Royal-22W,3,Waitex
D1450W-Royal-24W,2,Waitex
D1450W-Royal-26W,2,Waitex
D1451-Black-10,3,Waitex
D1451-Black-12,3,Waitex
D1451-Black-14,3,Waitex
D1451-Black-16,3,Waitex
D1451-Black-18,3,Waitex
D1451-Cranberry-10,3,Waitex
D1451-Cranberry-12,3,Waitex
D1451-Cranberry-14,3,Waitex
D1451-Cranberry-16,3,Waitex
D1451-Cranberry-18,3,Waitex
D1451-Cranberry-8,2,Waitex
D1451W-Black-16W,3,Waitex
D1451W-Black-18W,3,Waitex
D1451W-Black-20W,3,Waitex
D1451W-Black-22W,3,Waitex
D1451W-Black-24W,3,Waitex
D1451W-Black-26W,3,Waitex
D1451W-Cranberry-14W,2,Waitex
D1451W-Cranberry-16W,3,Waitex
D1451W-Cranberry-18W,3,Waitex
D1451W-Cranberry-20W,3,Waitex
D1451W-Cranberry-22W,3,Waitex
D1451W-Cranberry-24W,3,Waitex
D1451W-Cranberry-26W,3,Waitex
D1451-White-10,3,Waitex
D1451-White-12,3,Waitex
D1451-White-14,3,Waitex
D1451-White-16,3,Waitex
D1451-White-18,3,Waitex
D1451W-White-16W,3,Waitex
D1451W-White-18W,3,Waitex
D1451W-White-20W,3,Waitex
D1451W-White-22W,3,Waitex
D1451W-White-24W,3,Waitex
D1451W-White-26W,3,Waitex
D1453-Ice Blue-10,3,Waitex
D1453-Ice Blue-12,2,Waitex
D1453-Ice Blue-14,3,Waitex
D1453-Ice Blue-16,3,Waitex
D1453-Ice Blue-18,3,Waitex
D1453-Ice Blue-8,0,Waitex
D1453-Pink-10,3,Waitex
D1453-Pink-12,2,Waitex
D1453-Pink-14,3,Waitex
D1453-Pink-16,2,Waitex
D1453-Pink-18,3,Waitex
D1453-Pink-8,0,Waitex
D1453W-Ice Blue-14W,3,Waitex
D1453W-Ice Blue-16W,3,Waitex
D1453W-Ice Blue-18W,3,Waitex
D1453W-Ice Blue-20W,3,Waitex
D1453W-Ice Blue-22W,3,Waitex
D1453W-Ice Blue-24W,3,Waitex
D1453W-Ice Blue-26W,2,Waitex
D1453W-Pink-14W,3,Waitex
D1453W-Pink-16W,2,Waitex
D1453W-Pink-18W,3,Waitex
D1453W-Pink-20W,2,Waitex
D1453W-Pink-22W,3,Waitex
D1453W-Pink-24W,2,Waitex
D1453W-Pink-26W,0,Waitex
D1453W-White-14W,0,Waitex
D1453W-White-16W,2,Waitex
D1453W-White-18W,2,Waitex
D1453W-White-20W,0,Waitex
D1453W-White-22W,0,Waitex
D1453W-White-24W,0,Waitex
D1453W-White-26W,0,Waitex
D1455-Black-10,0,Waitex
D1455-Black-12,1,Waitex
D1455-Black-14,0,Waitex
D1455-Black-16,0,Waitex
D1455-Black-18,0,Waitex
D1455-White-10,2,Waitex
D1455-White-12,0,Waitex
D1455-White-14,0,Waitex
D1455-White-16,0,Waitex
D1455-White-18,0,Waitex
D1457W-Wht/blue-16W,3,Waitex
D1457W-Wht/blue-18W,3,Waitex
D1457W-Wht/blue-20W,2,Waitex
D1457W-Wht/blue-22W,3,Waitex
D1457W-Wht/blue-24W,3,Waitex
D1457W-Wht/pink-16W,3,Waitex
D1457W-Wht/pink-18W,3,Waitex
D1457W-Wht/pink-20W,2,Waitex
D1457W-Wht/pink-22W,3,Waitex
D1457W-Wht/pink-24W,2,Waitex
D1458-Burgundy-10,2,Waitex
D1458-Burgundy-12,2,Waitex
D1458-Burgundy-14,3,Waitex
D1458-Burgundy-14W,2,Waitex
D1458-Burgundy-16,3,Waitex
D1458-Burgundy-16W,0,Waitex
D1458-Burgundy-18,3,Waitex
D1458-Burgundy-18W,2,Waitex
D1458-Burgundy-20W,2,Waitex
D1458-Burgundy-22W,2,Waitex
D1458-Burgundy-24W,0,Waitex
D1458-Burgundy-26W,0,Waitex
D1458-Green-10,0,Waitex
D1458-Green-12,0,Waitex
D1458-Green-14,0,Waitex
D1458-Green-16,0,Waitex
D1458-Green-16W,3,Waitex
D1458-Green-18,2,Waitex
D1458-Green-18W,2,Waitex
D1458-Green-20W,2,Waitex
D1458-Green-22W,2,Waitex
D1458-Green-24W,2,Waitex
D1458-Green-26W,2,Waitex
D1458-Navy-10,3,Waitex
D1458-Navy-12,3,Waitex
D1458-Navy-14,3,Waitex
D1458-Navy-14W,3,Waitex
D1458-Navy-16,3,Waitex
D1458-Navy-16W,3,Waitex
D1458-Navy-18,3,Waitex
D1458-Navy-18W,3,Waitex
D1458-Navy-20W,3,Waitex
D1458-Navy-22W,3,Waitex
D1458-Navy-24W,3,Waitex
D1458-Navy-26W,3,Waitex
D1458-Pink-10,2,Waitex
D1458-Pink-12,3,Waitex
D1458-Pink-14,3,Waitex
D1458-Pink-16,3,Waitex
D1458-Pink-18,3,Waitex
D1458-Pink-8,2,Waitex
D1458-White-10,2,Waitex
D1458-White-12,0,Waitex
D1458-White-14,2,Waitex
D1458-White-14W,3,Waitex
D1458-White-16,3,Waitex
D1458-White-16W,3,Waitex
D1458-White-18,3,Waitex
D1458-White-18W,3,Waitex
D1458-White-20W,2,Waitex
D1458-White-22W,3,Waitex
D1458-White-24W,3,Waitex
D1458-White-26W,2,Waitex
D1458W-Pink-14W,3,Waitex
D1458W-Pink-16W,3,Waitex
D1458W-Pink-18W,3,Waitex
D1458W-Pink-20W,3,Waitex
D1458W-Pink-22W,3,Waitex
D1458W-Pink-24W,3,Waitex
D1458W-Pink-26W,3,Waitex
D1459-DenimBlu-12,0,Waitex
D1459-DenimBlu-14,0,Waitex
D1459-DenimBlu-16,2,Waitex
D1459-DenimBlu-18,2,Waitex
D1459-DenimBlu-18W,1,Waitex
D1459-DenimBlu-20W,2,Waitex
D1459-DenimBlu-22W,1,Waitex
D1459-DenimBlu-24W,1,Waitex
D1468-White-10,0,Waitex
D1468-White-12,0,Waitex
D1468-White-14,0,Waitex
D1468-White-16,0,Waitex
D1468-White-18,0,Waitex
D1469-White-10,0,Waitex
D1469-White-12,1,Waitex
D1469-White-14,2,Waitex
D1469-White-16,2,Waitex
D1469-White-18,3,Waitex
D1469W-White-16W,2,Waitex
D1469W-White-18W,3,Waitex
D1469W-White-20W,3,Waitex
D1469W-White-22W,3,Waitex
D1469W-White-24W,3,Waitex
D1472W-Purple-16W,2,Waitex
D1472W-Purple-18W,1,Waitex
D1472W-Purple-20W,2,Waitex
D1472W-Purple-22W,1,Waitex
D1474-BLK-10,2,Waitex
D1474-BLK-12,3,Waitex
D1474-BLK-14,3,Waitex
D1474-BLK-16,3,Waitex
D1474-BLK-18,3,Waitex
D1474-IVY-10,3,Waitex
D1474-IVY-12,3,Waitex
D1474-IVY-14,3,Waitex
D1474-IVY-16,3,Waitex
D1474-IVY-18,3,Waitex
D1474W-BLK-14W,3,Waitex
D1474W-BLK-16W,3,Waitex
D1474W-BLK-18W,3,Waitex
D1474W-BLK-20W,3,Waitex
D1474W-BLK-22W,3,Waitex
D1474W-BLK-24W,3,Waitex
D1474W-IVY-14W,3,Waitex
D1474W-IVY-16W,3,Waitex
D1474W-IVY-18W,3,Waitex
D1474W-IVY-20W,3,Waitex
D1474W-IVY-22W,3,Waitex
D1474W-IVY-24W,3,Waitex
D1476-LAV-1X,3,Waitex
D1476-LAV-2X,3,Waitex
D1476-LAV-L,3,Waitex
D1476-LAV-M,2,Waitex
D1476-LAV-XL,3,Waitex
D1477-Pink-1X,2,Waitex
D1477-Pink-2X,2,Waitex
D1477-Pink-L,3,Waitex
D1477-Pink-M,3,Waitex
D1477-Pink-XL,3,Waitex
D1477-White-1X,2,Waitex
D1477-White-2X,2,Waitex
D1477-White-L,3,Waitex
D1477-White-M,3,Waitex
D1477-White-XL,3,Waitex
D1483-Blk/green-10,2,Waitex
D1483-Blk/green-12,3,Waitex
D1483-Blk/green-14,3,Waitex
D1483-Blk/green-16,3,Waitex
D1483-Blk/green-18,3,Waitex
D1483W-Blk/green-14W,2,Waitex
D1483W-Blk/green-16W,3,Waitex
D1483W-Blk/green-18W,3,Waitex
D1483W-Blk/green-20W,3,Waitex
D1483W-Blk/green-22W,3,Waitex
D1483W-Blk/green-24W,2,Waitex
D1483-White/blk-10,0,Waitex
D1483-White/blk-12,2,Waitex
D1483-White/blk-14,2,Waitex
D1483-White/blk-16,2,Waitex
D1483-White/blk-18,2,Waitex
D1483-White/lav-10,2,Waitex
D1483-White/lav-12,3,Waitex
D1483-White/lav-14,3,Waitex
D1483-White/lav-16,3,Waitex
D1483-White/lav-18,3,Waitex
D1483W-White/blk-14W,2,Waitex
D1483W-White/blk-16W,3,Waitex
D1483W-White/blk-18W,2,Waitex
D1483W-White/blk-20W,3,Waitex
D1483W-White/blk-22W,3,Waitex
D1483W-White/blk-24W,2,Waitex
D1483W-White/lav-14W,3,Waitex
D1483W-White/lav-16W,3,Waitex
D1483W-White/lav-18W,3,Waitex
D1483W-White/lav-20W,3,Waitex
D1483W-White/lav-22W,3,Waitex
D1483W-White/lav-24W,2,Waitex
D1484-Lemon Yel-10,2,Waitex
D1484-Lemon Yel-12,3,Waitex
D1484-Lemon Yel-14,3,Waitex
D1484-Lemon Yel-16,3,Waitex
D1484-Lemon Yel-18,3,Waitex
D1484-Lemon Yel-8,1,Waitex
D1484-Lime-10,2,Waitex
D1484-Lime-12,3,Waitex
D1484-Lime-14,3,Waitex
D1484-Lime-16,3,Waitex
D1484-Lime-18,3,Waitex
D1484-Lime-8,2,Waitex
D1484-White-10,0,Waitex
D1484-White-12,0,Waitex
D1484-White-14,2,Waitex
D1484-White-16,3,Waitex
D1484-White-18,2,Waitex
D1484-White-8,0,Waitex
D1484W-Lemon Yel-14W,2,Waitex
D1484W-Lemon Yel-16W,3,Waitex
D1484W-Lemon Yel-18W,3,Waitex
D1484W-Lemon Yel-20W,3,Waitex
D1484W-Lemon Yel-22W,3,Waitex
D1484W-Lemon Yel-24W,3,Waitex
D1484W-Lime-14W,2,Waitex
D1484W-Lime-16W,3,Waitex
D1484W-Lime-18W,3,Waitex
D1484W-Lime-20W,3,Waitex
D1484W-Lime-22W,3,Waitex
D1484W-Lime-24W,3,Waitex
D1484W-White-14W,0,Waitex
D1484W-White-16W,2,Waitex
D1484W-White-18W,2,Waitex
D1484W-White-20W,2,Waitex
D1484W-White-22W,2,Waitex
D1484W-White-24W,2,Waitex
D1485-Dk Lime-10,3,Waitex
D1485-Dk Lime-12,3,Waitex
D1485-Dk Lime-14,3,Waitex
D1485-Dk Lime-16,3,Waitex
D1485-Dk Lime-18,3,Waitex
D1485-Dk Lime-8,2,Waitex
D1485-Ice Blue-10,2,Waitex
D1485-Ice Blue-12,3,Waitex
D1485-Ice Blue-14,3,Waitex
D1485-Ice Blue-16,3,Waitex
D1485-Ice Blue-18,3,Waitex
D1485-Ice Blue-8,1,Waitex
D1485-Rose Pink-10,2,Waitex
D1485-Rose Pink-12,3,Waitex
D1485-Rose Pink-14,3,Waitex
D1485-Rose Pink-16,3,Waitex
D1485-Rose Pink-18,2,Waitex
D1485W-Dk Lime-14W,3,Waitex
D1485W-Dk Lime-16W,3,Waitex
D1485W-Dk Lime-18W,3,Waitex
D1485W-Dk Lime-20W,3,Waitex
D1485W-Dk Lime-22W,3,Waitex
D1485W-Dk Lime-24W,3,Waitex
D1485W-Dk Lime-26W,3,Waitex
D1485-White-10,2,Waitex
D1485-White-12,3,Waitex
D1485-White-14,3,Waitex
D1485-White-16,3,Waitex
D1485-White-18,2,Waitex
D1485W-Ice Blue-14W,2,Waitex
D1485W-Ice Blue-16W,3,Waitex
D1485W-Ice Blue-18W,3,Waitex
D1485W-Ice Blue-20W,2,Waitex
D1485W-Ice Blue-22W,3,Waitex
D1485W-Ice Blue-24W,3,Waitex
D1485W-Ice Blue-26W,3,Waitex
D1485W-Rose Pink-14W,2,Waitex
D1485W-Rose Pink-16W,3,Waitex
D1485W-Rose Pink-18W,3,Waitex
D1485W-Rose Pink-20W,3,Waitex
D1485W-Rose Pink-22W,2,Waitex
D1485W-Rose Pink-24W,2,Waitex
D1485W-Rose Pink-26W,3,Waitex
D1485W-White-14W,2,Waitex
D1485W-White-16W,3,Waitex
D1485W-White-18W,3,Waitex
D1485W-White-20W,2,Waitex
D1485W-White-22W,3,Waitex
D1485W-White-24W,2,Waitex
D1485W-White-26W,3,Waitex
D1486-Navy-10,3,Waitex
D1486-Navy-12,3,Waitex
D1486-Navy-14,3,Waitex
D1486-Navy-16,3,Waitex
D1486-Navy-18,3,Waitex
D1486-White-10,3,Waitex
D1486-White-12,3,Waitex
D1486-White-14,3,Waitex
D1486-White-16,3,Waitex
D1486-White-18,3,Waitex
D1486W-Navy-14W,2,Waitex
D1486W-Navy-16W,3,Waitex
D1486W-Navy-18W,3,Waitex
D1486W-Navy-20W,3,Waitex
D1486W-Navy-22W,3,Waitex
D1486W-Navy-24W,2,Waitex
D1486W-Navy-26W,2,Waitex
D1486W-White-14W,2,Waitex
D1486W-White-16W,3,Waitex
D1486W-White-18W,3,Waitex
D1486W-White-20W,3,Waitex
D1486W-White-22W,3,Waitex
D1486W-White-24W,3,Waitex
D1486W-White-26W,2,Waitex
D1488-Pur/Turq-10,3,Waitex
D1488-Pur/Turq-12,3,Waitex
D1488-Pur/Turq-14,3,Waitex
D1488-Pur/Turq-16,3,Waitex
D1488-Pur/Turq-18,3,Waitex
D1488-Pur/Turq-8,3,Waitex
D1488W-Pur/Turq-14W,3,Waitex
D1488W-Pur/Turq-16W,3,Waitex
D1488W-Pur/Turq-18W,3,Waitex
D1488W-Pur/Turq-20W,3,Waitex
D1488W-Pur/Turq-22W,3,Waitex
D1488W-Pur/Turq-24W,3,Waitex
D1488W-Pur/Turq-26W,3,Waitex
D1489-DENIM BLUE-1X,2,Waitex
D1489-DENIM BLUE-2X,3,Waitex
D1489-DENIM BLUE-L,3,Waitex
D1489-DENIM BLUE-M,3,Waitex
D1489-DENIM BLUE-XL,3,Waitex
D1489-PINK-1X,3,Waitex
D1489-PINK-2X,3,Waitex
D1489-PINK-L,3,Waitex
D1489-PINK-M,3,Waitex
D1489-PINK-XL,3,Waitex
D1491-Champ-10,2,Waitex
D1491-Champ-12,0,Waitex
D1491-Champ-14,1,Waitex
D1491-Champ-16,2,Waitex
D1491-Champ-18,2,Waitex
D1491-Champ-8,1,Waitex
D1491W-Champ-14W,2,Waitex
D1491W-Champ-16W,3,Waitex
D1491W-Champ-18W,3,Waitex
D1491W-Champ-20W,3,Waitex
D1491W-Champ-22W,3,Waitex
D1491W-Champ-24W,3,Waitex
D1494-Ivory-10,2,Waitex
D1494-Ivory-12,3,Waitex
D1494-Ivory-14,3,Waitex
D1494-Ivory-16,3,Waitex
D1494-Ivory-18,3,Waitex
D1494-Pink-10,2,Waitex
D1494-Pink-12,3,Waitex
D1494-Pink-14,3,Waitex
D1494-Pink-16,3,Waitex
D1494-Pink-18,3,Waitex
D1494W-Ivory-14W,3,Waitex
D1494W-Ivory-16W,3,Waitex
D1494W-Ivory-18W,3,Waitex
D1494W-Ivory-20W,3,Waitex
D1494W-Ivory-22W,3,Waitex
D1494W-Ivory-24W,3,Waitex
D1494W-Ivory-26W,2,Waitex
D1494W-Pink-14W,3,Waitex
D1494W-Pink-16W,3,Waitex
D1494W-Pink-18W,3,Waitex
D1494W-Pink-20W,3,Waitex
D1494W-Pink-22W,3,Waitex
D1494W-Pink-24W,3,Waitex
D1494W-Pink-26W,2,Waitex
D1495-Navy-10,2,Waitex
D1495-Navy-12,3,Waitex
D1495-Navy-14,3,Waitex
D1495-Navy-16,3,Waitex
D1495-Navy-18,3,Waitex
D1495-White-10,2,Waitex
D1495-White-12,3,Waitex
D1495-White-14,3,Waitex
D1495-White-16,3,Waitex
D1495-White-18,3,Waitex
D1495W-Navy-14W,3,Waitex
D1495W-Navy-16W,3,Waitex
D1495W-Navy-18W,3,Waitex
D1495W-Navy-20W,3,Waitex
D1495W-Navy-22W,3,Waitex
D1495W-Navy-24W,3,Waitex
D1495W-Navy-26W,2,Waitex
D1495W-White-14W,3,Waitex
D1495W-White-16W,3,Waitex
D1495W-White-18W,3,Waitex
D1495W-White-20W,3,Waitex
D1495W-White-22W,3,Waitex
D1495W-White-24W,3,Waitex
D1495W-White-26W,3,Waitex
D1496-Blue-10,2,Waitex
D1496-BLUE-10,2,Waitex
D1496-Blue-12,3,Waitex
D1496-BLUE-12,3,Waitex
D1496-Blue-14,3,Waitex
D1496-BLUE-14,3,Waitex
D1496-Blue-16,3,Waitex
D1496-BLUE-16,3,Waitex
D1496-Blue-18,3,Waitex
D1496-BLUE-18,3,Waitex
D1496W-Blue-14W,3,Waitex
D1496W-BLUE-14W,3,Waitex
D1496W-Blue-16W,3,Waitex
D1496W-BLUE-16W,3,Waitex
D1496W-Blue-18W,3,Waitex
D1496W-BLUE-18W,3,Waitex
D1496W-Blue-20W,3,Waitex
D1496W-BLUE-20W,3,Waitex
D1496W-Blue-22W,3,Waitex
D1496W-BLUE-22W,3,Waitex
D1496W-Blue-24W,3,Waitex
D1496W-BLUE-24W,3,Waitex
D1497-LimeGrn-10,2,Waitex
D1497-LimeGrn-12,2,Waitex
D1497-LimeGrn-14,3,Waitex
D1497-LimeGrn-16,3,Waitex
D1497-LimeGrn-18,3,Waitex
D1497W-LimeGrn-14W,3,Waitex
D1497W-LimeGrn-16W,3,Waitex
D1497W-LimeGrn-18W,3,Waitex
D1497W-LimeGrn-20W,3,Waitex
D1497W-LimeGrn-22W,3,Waitex
D1497W-LimeGrn-24W,3,Waitex
D1498-Navy-10,2,Waitex
D1498-Navy-12,3,Waitex
D1498-Navy-14,3,Waitex
D1498-Navy-16,3,Waitex
D1498-Navy-18,3,Waitex
D1498W-Navy-14W,3,Waitex
D1498W-Navy-16W,3,Waitex
D1498W-Navy-18W,3,Waitex
D1498W-Navy-20W,3,Waitex
D1498W-Navy-22W,3,Waitex
D1498W-Navy-24W,3,Waitex
D1499-Champ-10,3,Waitex
D1499-Champ-12,3,Waitex
D1499-Champ-14,3,Waitex
D1499-Champ-16,3,Waitex
D1499-Champ-18,3,Waitex
D1499-Champ-8,2,Waitex
D1499-Copper-10,3,Waitex
D1499-Copper-12,3,Waitex
D1499-Copper-14,3,Waitex
D1499-Copper-16,3,Waitex
D1499-Copper-18,3,Waitex
D1499-Copper-8,2,Waitex
D1499W-Champ-14W,3,Waitex
D1499W-Champ-16W,3,Waitex
D1499W-Champ-18W,3,Waitex
D1499W-Champ-20W,3,Waitex
D1499W-Champ-22W,3,Waitex
D1499W-Champ-24W,3,Waitex
D1499W-Copper-14W,3,Waitex
D1499W-Copper-16W,3,Waitex
D1499W-Copper-18W,3,Waitex
D1499W-Copper-20W,3,Waitex
D1499W-Copper-22W,3,Waitex
D1499W-Copper-24W,3,Waitex
D1499-White-10,3,Waitex
D1499-White-12,3,Waitex
D1499-White-14,3,Waitex
D1499-White-16,3,Waitex
D1499-White-18,3,Waitex
D1499-White-8,2,Waitex
D1499W-White-14W,3,Waitex
D1499W-White-16W,3,Waitex
D1499W-White-18W,3,Waitex
D1499W-White-20W,3,Waitex
D1499W-White-22W,3,Waitex
D1499W-White-24W,3,Waitex
0557-Black-10,2,Waitex
0557-Black-12,0,Waitex
0557-Black-14,0,Waitex
0557-Black-16,0,Waitex
0557-Black-18,2,Waitex
0557-Red-10,2,Waitex
0557-Red-12,0,Waitex
0557-Red-14,0,Waitex
0557-Red-14W,0,Waitex
0557-Red-16,0,Waitex
0557-Red-16W,0,Waitex
0557-Red-18,1,Waitex
0557-Red-18W,2,Waitex
0557-Red-20W,2,Waitex
0557-Red-22W,3,Waitex
0557-Red-24W,3,Waitex
0557-Red-26W,3,Waitex
0557-Red-8,1,Waitex
0650-Black-10,3,Waitex
0650-Black-12,3,Waitex
0650-Black-14,0,Waitex
0650-Black-16,0,Waitex
0650-Black-18,2,Waitex
0650-Black-6,1,Waitex
0650-Black-8,3,Waitex
0650-Choco-10,2,Waitex
0650-Choco-12,3,Waitex
0650-Choco-14,3,Waitex
0650-Choco-16,3,Waitex
0650-Choco-18,3,Waitex
0650-Choco-8,2,Waitex
0650-Royal-10,0,Waitex
0650-Royal-12,1,Waitex
0650-Royal-14,1,Waitex
0650-Royal-16,0,Waitex
0650-Royal-18,0,Waitex
0650-Royal-6,2,Waitex
0650-Royal-8,1,Waitex
0650-Silver-10,2,Waitex
0650-Silver-12,3,Waitex
0650-Silver-14,2,Waitex
0650-Silver-16,3,Waitex
0650-Silver-18,3,Waitex
0650-Silver-8,2,Waitex
0650W-Black-14W,2,Waitex
0650W-Black-16W,2,Waitex
0650W-Black-18W,2,Waitex
0650W-Black-20W,1,Waitex
0650W-Black-22W,0,Waitex
0650W-Black-24W,3,Waitex
0650W-Black-26W,3,Waitex
0650W-Black-28W,2,Waitex
0650W-Black-30W,2,Waitex
0650W-Choco-14W,3,Waitex
0650W-Choco-16W,3,Waitex
0650W-Choco-18W,3,Waitex
0650W-Choco-20W,3,Waitex
0650W-Choco-22W,3,Waitex
0650W-Choco-24W,3,Waitex
0650W-Choco-26W,3,Waitex
0650-White-10,2,Waitex
0650-White-12,2,Waitex
0650-White-14,3,Waitex
0650-White-16,3,Waitex
0650-White-18,3,Waitex
0650-White-6,0,Waitex
0650-White-8,2,Waitex
0650W-Royal-14W,0,Waitex
0650W-Royal-16W,2,Waitex
0650W-Royal-18W,0,Waitex
0650W-Royal-20W,2,Waitex
0650W-Royal-22W,3,Waitex
0650W-Royal-24W,3,Waitex
0650W-Royal-26W,3,Waitex
0650W-Royal-28W,2,Waitex
0650W-Royal-30W,2,Waitex
0650W-Silver-14W,2,Waitex
0650W-Silver-16W,3,Waitex
0650W-Silver-18W,3,Waitex
0650W-Silver-20W,3,Waitex
0650W-Silver-22W,2,Waitex
0650W-Silver-24W,3,Waitex
0650W-Silver-26W,3,Waitex
0654-Black-10,1,Waitex
0654-Black-12,2,Waitex
0654-Black-14,0,Waitex
0654-Black-16,0,Waitex
0654-Black-18,0,Waitex
0654-Black-8,2,Waitex
0654-Pur-10,2,Waitex
0654-Pur-12,2,Waitex
0654-Pur-14,2,Waitex
0654-Pur-16,0,Waitex
0654-Pur-18,2,Waitex
0654-Pur-8,1,Waitex
0654-Red-10,3,Waitex
0654-Red-12,1,Waitex
0654-Red-14,0,Waitex
0654-Red-16,2,Waitex
0654-Red-18,3,Waitex
0654W-Black-14W,0,Waitex
0654W-Black-16W,0,Waitex
0654W-Black-18W,0,Waitex
0654W-Black-20W,0,Waitex
0654W-Black-22W,1,Waitex
0654W-Black-24W,3,Waitex
0654W-Black-26W,2,Waitex
0654W-Pur-14W,2,Waitex
0654W-Pur-16W,3,Waitex
0654W-Pur-18W,3,Waitex
0654W-Pur-20W,2,Waitex
0654W-Pur-22W,3,Waitex
0654W-Pur-24W,3,Waitex
0654W-Pur-26W,3,Waitex
0654W-Red-14W,1,Waitex
0654W-Red-16W,1,Waitex
0654W-Red-18W,2,Waitex
0654W-Red-20W,3,Waitex
0654W-Red-22W,3,Waitex
0654W-Red-24W,2,Waitex
0654W-Red-26W,2,Waitex
0654W-Royal-14W,2,Waitex
0654W-Royal-16W,3,Waitex
0654W-Royal-18W,3,Waitex
0654W-Royal-20W,3,Waitex
0654W-Royal-22W,3,Waitex
0654W-Royal-24W,3,Waitex
0654W-Royal-26W,2,Waitex
0654W-White-14W,0,Waitex
0654W-White-16W,0,Waitex
0654W-White-18W,0,Waitex
0654W-White-20W,0,Waitex
0654W-White-22W,2,Waitex
0654W-White-24W,1,Waitex
0654W-White-26W,2,Waitex
0655-Black-10,3,Waitex
0655-Black-12,0,Waitex
0655-Black-14,0,Waitex
0655-Black-16,2,Waitex
0655-Black-18,3,Waitex
0655-Black-8,2,Waitex
0655W-Black-14W,0,Waitex
0655W-Black-16W,2,Waitex
0655W-Black-18W,1,Waitex
0655W-Black-20W,2,Waitex
0655W-Black-22W,3,Waitex
0655W-Black-24W,3,Waitex
0655W-Black-26W,3,Waitex
0655-White-10,2,Waitex
0655-White-12,3,Waitex
0655-White-14,2,Waitex
0655-White-16,0,Waitex
0655-White-18,3,Waitex
0655-White-8,2,Waitex
0655W-White-14W,2,Waitex
0655W-White-16W,3,Waitex
0655W-White-18W,3,Waitex
0655W-White-20W,2,Waitex
0655W-White-22W,3,Waitex
0655W-White-24W,3,Waitex
0655W-White-26W,3,Waitex
0710-Black-10,0,Waitex
0710-Black-12,0,Waitex
0710-Black-14,2,Waitex
0710-Black-16,0,Waitex
0710-Black-18,0,Waitex
0710-Black-8,0,Waitex
0710-Chocolate-10,3,Waitex
0710-Chocolate-12,3,Waitex
0710-Chocolate-14,3,Waitex
0710-Chocolate-16,3,Waitex
0710-Chocolate-18,3,Waitex
0710-Chocolate-8,2,Waitex
0710-Ivory-10,2,Waitex
0710-Ivory-12,3,Waitex
0710-Ivory-14,0,Waitex
0710-Ivory-16,0,Waitex
0710-Ivory-18,0,Waitex
0710-Ivory-8,2,Waitex
0710-Navy-10,3,Waitex
0710-Navy-12,0,Waitex
0710-Navy-14,0,Waitex
0710-Navy-16,0,Waitex
0710-Navy-18,1,Waitex
0710-Navy-8,1,Waitex
0710-Royal-10,0,Waitex
0710-Royal-12,0,Waitex
0710-Royal-14,0,Waitex
0710-Royal-16,0,Waitex
0710-Royal-18,3,Waitex
0710-Royal-8,0,Waitex
0710W-Black-14W,0,Waitex
0710W-Black-16W,0,Waitex
0710W-Black-18W,0,Waitex
0710W-Black-20W,0,Waitex
0710W-Black-22W,2,Waitex
0710W-Black-24W,2,Waitex
0710W-Black-26W,2,Waitex
0710W-Choco-14W,0,Waitex
0710W-Choco-16W,0,Waitex
0710W-Choco-18W,0,Waitex
0710W-Choco-20W,0,Waitex
0710W-Choco-22W,2,Waitex
0710W-Choco-24W,3,Waitex
0710W-Choco-26W,3,Waitex
0710-White-10,1,Waitex
0710-White-12,1,Waitex
0710-White-14,0,Waitex
0710-White-16,0,Waitex
0710-White-18,0,Waitex
0710-White-8,2,Waitex
0710W-Ivory-14W,0,Waitex
0710W-Ivory-16W,0,Waitex
0710W-Ivory-18W,0,Waitex
0710W-Ivory-20W,1,Waitex
0710W-Ivory-22W,1,Waitex
0710W-Ivory-24W,2,Waitex
0710W-Ivory-26W,2,Waitex
0710W-Navy-14W,0,Waitex
0710W-Navy-16W,0,Waitex
0710W-Navy-18W,0,Waitex
0710W-Navy-20W,3,Waitex
0710W-Navy-22W,3,Waitex
0710W-Navy-24W,3,Waitex
0710W-Navy-26W,3,Waitex
0710W-Royal-14W,0,Waitex
0710W-Royal-16W,3,Waitex
0710W-Royal-18W,0,Waitex
0710W-Royal-20W,2,Waitex
0710W-Royal-22W,3,Waitex
0710W-Royal-24W,3,Waitex
0710W-Royal-26W,3,Waitex
0710W-White-14W,0,Waitex
0710W-White-16W,0,Waitex
0710W-White-18W,0,Waitex
0710W-White-20W,0,Waitex
0710W-White-22W,2,Waitex
0710W-White-24W,2,Waitex
0710W-White-26W,2,Waitex
0711W-Navy-14W,2,Waitex
0711W-Navy-16W,3,Waitex
0711W-Navy-18W,3,Waitex
0711W-Navy-20W,3,Waitex
0711W-Navy-22W,3,Waitex
0711W-Navy-24W,3,Waitex
0711W-Navy-26W,2,Waitex
0822-NAVY-10,3,Waitex
0822-NAVY-12,3,Waitex
0822-NAVY-14,3,Waitex
0822-NAVY-16,3,Waitex
0822-NAVY-18,3,Waitex
0822-NAVY-8,2,Waitex
0822-PEACH-10,2,Waitex
0822-PEACH-12,3,Waitex
0822-PEACH-14,2,Waitex
0822-PEACH-16,2,Waitex
0822-PEACH-18,3,Waitex
0822W-NAVY-14W,3,Waitex
0822W-NAVY-16W,3,Waitex
0822W-NAVY-18W,3,Waitex
0822W-NAVY-20W,3,Waitex
0822W-NAVY-22W,3,Waitex
0822W-NAVY-24W,3,Waitex
0822W-NAVY-26W,3,Waitex
0822W-PEACH-14W,3,Waitex
0822W-PEACH-16W,3,Waitex
0822W-PEACH-18W,3,Waitex
0822W-PEACH-20W,3,Waitex
0822W-PEACH-22W,3,Waitex
0822W-PEACH-24W,3,Waitex
0823-Black-10,3,Waitex
0823-Black-12,2,Waitex
0823-Black-14,0,Waitex
0823-Black-16,0,Waitex
0823-Black-18,0,Waitex
0823-Black-8,2,Waitex
0823-Choco-10,2,Waitex
0823-Choco-12,0,Waitex
0823-Choco-14,0,Waitex
0823-Choco-16,1,Waitex
0823-Choco-18,0,Waitex
0823-Choco-8,0,Waitex
0823-Navy-10,3,Waitex
0823-Navy-12,0,Waitex
0823-Navy-14,0,Waitex
0823-Navy-16,0,Waitex
0823-Navy-18,2,Waitex
0823-Navy-8,1,Waitex
0823-Purple-10,3,Waitex
0823-Purple-12,3,Waitex
0823-Purple-14,3,Waitex
0823-Purple-16,3,Waitex
0823-Purple-18,3,Waitex
0823-Red-10,3,Waitex
0823-Red-12,3,Waitex
0823-Red-14,2,Waitex
0823-Red-16,3,Waitex
0823-Red-18,3,Waitex
0823-Red-8,2,Waitex
0823-Royal-10,3,Waitex
0823-Royal-12,2,Waitex
0823-Royal-14,2,Waitex
0823-Royal-16,3,Waitex
0823-Royal-18,3,Waitex
0823-Royal-8,2,Waitex
0823-Silver-10,3,Waitex
0823-Silver-12,3,Waitex
0823-Silver-14,1,Waitex
0823-Silver-16,3,Waitex
0823-Silver-18,3,Waitex
0823W-Black-14W,0,Waitex
0823W-Black-16W,0,Waitex
0823W-Black-18W,0,Waitex
0823W-Black-20W,0,Waitex
0823W-Black-22W,1,Waitex
0823W-Black-24W,1,Waitex
0823W-Black-26W,3,Waitex
0823W-Black-28W,3,Waitex
0823W-Black-30W,2,Waitex
0823W-Chocolate-14W,2,Waitex
0823W-Chocolate-16W,2,Waitex
0823W-Chocolate-18W,2,Waitex
0823W-Chocolate-20W,0,Waitex
0823W-Chocolate-22W,1,Waitex
0823W-Chocolate-24W,1,Waitex
0823W-Chocolate-26W,2,Waitex
0823W-Navy-14W,0,Waitex
0823W-Navy-16W,3,Waitex
0823W-Navy-18W,3,Waitex
0823W-Navy-20W,3,Waitex
0823W-Navy-22W,3,Waitex
0823W-Navy-24W,3,Waitex
0823W-Navy-26W,3,Waitex
0823W-Navy-28W,3,Waitex
0823W-Navy-30W,2,Waitex
0823W-Purple-14W,3,Waitex
0823W-Purple-16W,3,Waitex
0823W-Purple-18W,3,Waitex
0823W-Purple-20W,3,Waitex
0823W-Purple-22W,3,Waitex
0823W-Purple-24W,3,Waitex
0823W-Purple-26W,3,Waitex
0823W-Purple-28W,3,Waitex
0823W-Purple-30W,3,Waitex
0823W-Red-14W,2,Waitex
0823W-Red-16W,3,Waitex
0823W-Red-18W,3,Waitex
0823W-Red-20W,3,Waitex
0823W-Red-22W,3,Waitex
0823W-Red-24W,3,Waitex
0823W-Red-26W,2,Waitex
0823W-Royal-14W,2,Waitex
0823W-Royal-16W,3,Waitex
0823W-Royal-18W,2,Waitex
0823W-Royal-20W,2,Waitex
0823W-Royal-22W,3,Waitex
0823W-Royal-24W,3,Waitex
0823W-Royal-26W,3,Waitex
0823W-Silver-14W,2,Waitex
0823W-Silver-16W,3,Waitex
0823W-Silver-18W,2,Waitex
0823W-Silver-20W,3,Waitex
0823W-Silver-22W,3,Waitex
0823W-Silver-24W,1,Waitex
0823W-Silver-26W,3,Waitex
0824-Black-10,2,Waitex
0824-Black-12,1,Waitex
0824-Black-14,0,Waitex
0824-Black-16,0,Waitex
0824-Black-18,0,Waitex
0824-Black-8,3,Waitex
0824-Cranberry-10,3,Waitex
0824-Cranberry-12,3,Waitex
0824-Cranberry-14,3,Waitex
0824-Cranberry-16,3,Waitex
0824-Cranberry-18,3,Waitex
0824-Cranberry-8,2,Waitex
0824-Plum-10,1,Waitex
0824-Plum-12,2,Waitex
0824-Plum-14,2,Waitex
0824-Plum-16,2,Waitex
0824-Plum-18,2,Waitex
0824-Royal-10,2,Waitex
0824-Royal-12,2,Waitex
0824-Royal-14,0,Waitex
0824-Royal-16,0,Waitex
0824-Royal-18,2,Waitex
0824-Royal-8,2,Waitex
0824-Silver-10,2,Waitex
0824-Silver-12,3,Waitex
0824-Silver-14,3,Waitex
0824-Silver-16,3,Waitex
0824-Silver-18,3,Waitex
0824-Silver-8,2,Waitex
0824W-Black-14W,0,Waitex
0824W-Black-16W,0,Waitex
0824W-Black-18W,0,Waitex
0824W-Black-20W,0,Waitex
0824W-Black-22W,2,Waitex
0824W-Black-24W,2,Waitex
0824W-Black-26W,3,Waitex
0824W-Cranberry-14W,3,Waitex
0824W-Cranberry-16W,3,Waitex
0824W-Cranberry-18W,3,Waitex
0824W-Cranberry-20W,3,Waitex
0824W-Cranberry-22W,3,Waitex
0824W-Cranberry-24W,3,Waitex
0824W-Cranberry-26W,3,Waitex
0824W-Royal-14W,2,Waitex
0824W-Royal-16W,0,Waitex
0824W-Royal-18W,0,Waitex
0824W-Royal-20W,0,Waitex
0824W-Royal-22W,2,Waitex
0824W-Royal-24W,3,Waitex
0824W-Royal-26W,2,Waitex
0824W-Silver-14W,3,Waitex
0824W-Silver-16W,3,Waitex
0824W-Silver-18W,3,Waitex
0824W-Silver-20W,3,Waitex
0824W-Silver-22W,3,Waitex
0824W-Silver-24W,3,Waitex
0824W-Silver-26W,2,Waitex
0824W-White-14W,3,Waitex
0824W-White-16W,3,Waitex
0824W-White-18W,3,Waitex
0824W-White-20W,2,Waitex
0824W-White-22W,2,Waitex
0824W-White-24W,2,Waitex
0824W-White-26W,2,Waitex
0825-Black-10,3,Waitex
0825-Black-12,3,Waitex
0825-Black-14,3,Waitex
0825-Black-16,3,Waitex
0825-Black-18,3,Waitex
0825-Black-8,3,Waitex
0825-Choco-10,3,Waitex
0825-Choco-12,3,Waitex
0825-Choco-14,3,Waitex
0825-Choco-16,3,Waitex
0825-Choco-18,3,Waitex
0825-Choco-8,2,Waitex
0825W-Black-14W,2,Waitex
0825W-Black-16W,3,Waitex
0825W-Black-18W,3,Waitex
0825W-Black-20W,3,Waitex
0825W-Black-22W,3,Waitex
0825W-Black-24W,3,Waitex
0825W-Black-26W,2,Waitex
0825W-Choco-14W,3,Waitex
0825W-Choco-16W,3,Waitex
0825W-Choco-18W,3,Waitex
0825W-Choco-20W,3,Waitex
0825W-Choco-22W,3,Waitex
0825W-Choco-24W,3,Waitex
0825W-Choco-26W,3,Waitex
0825-White-10,3,Waitex
0825-White-12,3,Waitex
0825-White-14,3,Waitex
0825-White-16,3,Waitex
0825-White-18,3,Waitex
0825-White-8,2,Waitex
0825W-White-14W,2,Waitex
0825W-White-16W,3,Waitex
0825W-White-18W,3,Waitex
0825W-White-20W,3,Waitex
0825W-White-22W,3,Waitex
0825W-White-24W,3,Waitex
0825W-White-26W,2,Waitex
0867-Black-10,3,Waitex
0867-Black-12,3,Waitex
0867-Black-14,3,Waitex
0867-Black-16,3,Waitex
0867-Black-18,3,Waitex
0867-Choco-10,3,Waitex
0867-Choco-12,3,Waitex
0867-Choco-14,3,Waitex
0867-Choco-16,3,Waitex
0867-Choco-18,3,Waitex
0867W-Black-14W,0,Waitex
0867W-Black-16W,0,Waitex
0867W-Black-18W,0,Waitex
0867W-Black-20W,0,Waitex
0867W-Black-22W,1,Waitex
0867W-Black-24W,3,Waitex
0867W-Black-26W,1,Waitex
0867W-Choco-14W,3,Waitex
0867W-Choco-16W,3,Waitex
0867W-Choco-18W,3,Waitex
0867W-Choco-20W,3,Waitex
0867W-Choco-22W,3,Waitex
0867W-Choco-24W,3,Waitex
0867W-Choco-26W,3,Waitex
0877-Navy-10,3,Waitex
0877-Navy-12,3,Waitex
0877-Navy-14,3,Waitex
0877-Navy-16,3,Waitex
0877-Navy-18,3,Waitex
0877-Navy-8,2,Waitex
0877-White-10,3,Waitex
0877-White-12,2,Waitex
0877-White-14,0,Waitex
0877-White-16,1,Waitex
0877-White-18,2,Waitex
0877W-Navy-14W,3,Waitex
0877W-Navy-16W,3,Waitex
0877W-Navy-18W,3,Waitex
0877W-Navy-20W,3,Waitex
0877W-Navy-22W,3,Waitex
0877W-Navy-24W,3,Waitex
0877W-Navy-26W,3,Waitex
0877W-White-14W,2,Waitex
0877W-White-16W,3,Waitex
0877W-White-18W,2,Waitex
0877W-White-20W,3,Waitex
0877W-White-22W,1,Waitex
0877W-White-24W,1,Waitex
0877W-White-26W,2,Waitex
0889-White-10,3,Waitex
0889-White-12,3,Waitex
0889-White-14,3,Waitex
0889-White-14W,3,Waitex
0889-White-16,3,Waitex
0889-White-16W,3,Waitex
0889-White-18W,3,Waitex
0889-White-20W,3,Waitex
0889-White-22W,3,Waitex
0889-White-24W,3,Waitex
0895-BurntOrange-10,2,Waitex
0895-BurntOrange-12,3,Waitex
0895-BurntOrange-14,2,Waitex
0895-BurntOrange-14W,0,Waitex
0895-BurntOrange-16,3,Waitex
0895-BurntOrange-16W,2,Waitex
0895-BurntOrange-18,1,Waitex
0895-BurntOrange-18W,3,Waitex
0895-BurntOrange-20W,0,Waitex
0895-BurntOrange-22W,0,Waitex
0895-BurntOrange-24W,0,Waitex
0895-BurntOrange-26W,0,Waitex
0895-Silver-10,1,Waitex
0895-Silver-12,2,Waitex
0895-Silver-14,1,Waitex
0895-Silver-14W,2,Waitex
0895-Silver-16,3,Waitex
0895-Silver-16W,2,Waitex
0895-Silver-18,2,Waitex
0895-Silver-18W,2,Waitex
0895-Silver-20W,0,Waitex
0895-Silver-22W,2,Waitex
0895-Silver-24W,3,Waitex
0895-Silver-26W,3,Waitex
0895-White-10,2,Waitex
0895-White-12,3,Waitex
0895-White-14,2,Waitex
0895-White-16,3,Waitex
0895-White-18,2,Waitex
0899W-Seafoam-14W,3,Waitex
0899W-Seafoam-16W,3,Waitex
0899W-Seafoam-18W,3,Waitex
0899W-Seafoam-20W,3,Waitex
0899W-Seafoam-22W,3,Waitex
0899W-Seafoam-24W,3,Waitex
0899W-Seafoam-26W,3,Waitex
0899W-White-14W,3,Waitex
0899W-White-16W,3,Waitex
0899W-White-18W,3,Waitex
0899W-White-20W,3,Waitex
0899W-White-22W,3,Waitex
0899W-White-24W,3,Waitex
0899W-White-26W,3,Waitex
