Style,Color
H0895,
HD1326,
HD1335,
HD1337,
HD1338,
HD1340,
HD1348,
HD1424,
HD1468,
HD1492,
HD1493,
HD1494,
HD1502,
HG1007,
HG1040,
HG1046,
HG1061,
HM949,
HM951,
HM953,
HM954,
HM956,
HM959,
HM964,
HM9651,
HM969,
HR1020,
HR1030,
HR1031,
HR1039,
HR10391,
HR1052,
HR1053,
HT1007,
HT1499,
HT8935,
HM948,NAVY
HG1081,BLK
HG1066,FUSHCIA
HG1059,FUSHCIA
HM948,CHAMP
HR1056,W
HR1056,RO
HR1056,R 
HR1038,BW
HR1037,BLK
HM970,BLK
HM967,BLK
HM967,WHT
HM958,PEACOCK
HM935,CHAMP
HR1037,WHT
HR1038,W/B
HM9651,PINK
HM957,WHT
HM957,SIL
HM948,PINK
HM948,GREEN
HM948,LILAC
HG1060,LAV
H0889,WHT
H0889,CP
