0650,RYL
0650,WHT
0709,RED
0710,RYL
0710,WHT
0823,BLK
0825,BLK
0825W,BLK
0867W,BLK
0867W,WHT
0875,LAV
0875,PEACOCK
0877W,WHT
0914VW,BLUE
0915,BLUE
D1322,DENIM DOT
D1324,DENIM DOT
D1329W,WHT
D1333,NAVY
D1334W,NAVY
D1336W,W/B
D1345,SAPPHIRE
D1423W,DK. SILVER
D1423W,SIL
D1424,BLK
D1424,CHAM
D1424,WHT
D1424W,RYL
D1424W,WHT
D1450,LIME
D1450,PURPLE
D1450,RYL
D1450W,BLK
D1458,GREEN
D1458,PINK
D1458,WHT
D1468,WHT
D1468W,YELLOW/WHT
D1469W,RED/BLK
D1473,NAVY
D1481,HP
D1483,W/B
D1483W,W/B
D1485,ROSE PINK
D1493,SIL
D1493,WHT
D1493W,BLK
D1493W,WHT
D1496,BLUE
D1500W,IVY
D1502,BLK/PNK
D1503W,WHT
D1505,OLIVE
G1007,CHOCO
G1007,WHT
G1007W,BLK
G1018,BLK
G1018,PURPLE
G1018W,BLK
G1018W,NAVY
G1018W,SPK
G1018W,WHT
G1051,GOLD
G1060,LAV
G1060,OFF WHT
G1060,YLW GOLD
G1060W,LAV
G1072,A. GRN
G1072,PURPLE
G1082,WHT/YELLOW
G1082W,WHT/BLK/RED
G1086AW,PINK
G1088,CHAM
G1092W,ORG
G1093,PINK
G1093W,WHT
G1095,VIOLET
G1095W,VIOLET
G1096W,YELLOW
G1097,PINK/GLD
G1097W,PINK/GLD
G1098,CHAM
G1098W,LIME
G1098W,YELLOW
G1099W,LIME
G1110,YELLOW
HD1424/58,NAVY
HG1007,NAVY
HG1025/26,LAV
HG1040,PEACOCK
HG1060,OFF WHT
HM953,SAPPHIRE
HM961,LAV
HR1038,W/B
HR1053,BLK
S0711W,BLK
S0712,BLK
S0712W,BLK
S0714,CHOCO
T0074,SIL MULTI
